,val_*,val_A,val_C,val_D,val_E,val_F,val_G,val_H,val_I,val_K,val_L,val_M,val_N,val_P,val_Q,val_R,val_S,val_T,val_V,val_W,val_Y
0,-0.001687504,-0.020717457,-0.032677203,-0.006757993,-0.001687504,0.006046865,0.029732642,0.028746577,-0.023739907,-0.001687504,-0.018831392,-0.001687504,-0.001687504,-0.03583488,-0.001687504,-0.001687504,-0.015004317,-0.001687504,0.051960153,0.052292084,-0.001715139
1,-0.023079807,0.000817552,0.000817552,0.000817552,0.022719583,0.008476124,0.000817552,-0.017970732,-0.006949067,-0.005715369,-0.052797807,0.018564313,0.000817552,0.02549351,0.00546551,-0.015737999,0.000817552,-0.020899433,0.000817552,0.055892913,0.000815399
2,-0.007733533,-0.007733533,0.016565408,-0.007733533,-0.007733533,0.040457874,-0.007733533,-0.019499057,-0.038449169,-0.007733533,-0.00726094,0.04013239,0.007224069,0.047501193,-0.007733533,-0.007733533,0.051351435,-0.015933278,-0.007733533,-0.044766874,-0.007721253
3,0.003752162,0.003752162,0.01290235,0.003752162,0.003752162,-0.025193403,0.003752162,-0.029088644,0.023487951,0.003752162,0.012765943,-0.017202554,0.033197955,0.000437396,0.003752162,0.003752162,-0.024014452,0.004520415,0.003752162,-0.029303506,0.003721092
4,0.052760559,-0.007047761,0.013122475,0.053240984,-0.067051297,-0.036679969,-0.059748959,0.009907376,-0.00132221,0.059564817,-0.00132221,-0.00132221,0.00327039,-0.00132221,-0.00132221,-0.00132221,-0.00132221,-0.031745973,-0.00132221,0.022320547,-0.001335512
5,-0.008065718,0.008057486,0.011267199,0.011267199,-0.038074672,0.011267199,0.026634171,0.011267199,0.011267199,-0.02795699,0.011267199,-0.0605685,0.011267199,0.011267199,-0.029775334,-0.00790621,0.011267199,0.011267199,0.011267199,0.002449375,0.011267199
6,0.008694313,0.006859803,-0.010630722,0.027351714,-0.058814956,0.006859803,0.01493586,0.011761763,0.006859803,-0.027088164,0.031967654,-0.034263691,0.006859803,0.006859803,-0.055944841,0.014020464,0.006859803,0.006859803,0.009493932,0.013781401,0.006716649
7,-0.011173671,-0.000573745,0.054647346,-0.025604528,-0.000573745,-0.011593142,-0.000573745,0.028524533,-0.029701476,0.023474799,-0.013279891,0.020077867,-0.032215017,0.013998351,-0.006753171,-0.000573745,0.014047824,-0.02026826,-0.000573745,-0.000573745,-0.000739096
8,0.069890853,-0.005412405,-0.009731688,-0.014515248,-0.005412405,-0.009209559,-0.005412405,-0.054313941,0.001211342,-0.005412405,-0.005412405,-0.005412405,0.017345757,0.096085715,-0.02289046,-0.053789936,0.069295915,-0.005412405,-0.005412405,-0.040671826,-0.005407686
9,-0.013586445,-0.002016437,-0.019005554,0.023955028,-0.002016437,0.009252957,-0.002016437,0.006287736,0.021857033,-0.002016437,-0.002016437,-0.002016437,-0.000805693,0.028096752,-0.045966025,0.019722851,0.019349384,-0.002016437,-0.002016437,-0.032089475,-0.00093705
10,-0.009056901,0.006598607,0.005835531,0.012694348,0.024107735,0.003033325,-0.02842535,0.006598607,-0.043896462,0.015353733,0.006598607,-0.009672339,-0.013944721,0.006598607,-0.059196799,0.006598607,0.006598607,0.006598607,0.042153617,0.00837328,0.006450752
11,0.0212177,-5.98E-05,0.035275731,-5.98E-05,-0.005871586,-5.98E-05,-0.034606001,-0.0391892,-5.98E-05,0.035325594,-5.98E-05,-5.98E-05,-5.98E-05,-0.000507682,0.017497676,-0.026410244,-5.98E-05,-5.98E-05,-5.98E-05,-0.002074355,-5.98E-05
12,-0.00371606,0.020040324,0.053041188,0.030048455,0.022316461,0.023427116,-0.048405554,0.017321755,0.058658098,-0.043280337,-0.005120725,-0.005120725,-0.037939533,-0.005120725,-0.005120725,-0.005120725,-0.028855163,-0.014163448,-0.005120725,-0.012609751,-0.005159205
13,0.015693412,0.001974229,-0.047571625,0.001974229,0.034137392,0.001974229,0.001974229,-0.002090588,0.001974229,-0.070018843,0.001974229,0.007547883,-0.062410626,0.007984574,0.014283124,0.012848265,0.040885932,0.001974229,0.001974229,0.030983296,0.001933975
14,-0.006696295,-0.006696295,0.021276142,-0.006696295,-0.006696295,0.056367884,-0.006696295,0.003553047,-0.00793004,-0.006696295,-0.006696295,-0.006696295,-0.016142281,-0.011382436,-0.006696295,-0.006696295,0.048077718,-0.006696295,-0.006696295,-0.006696295,-0.006768197
15,0.038784443,-0.013831678,-0.009041785,0.011700068,-0.008293183,-0.046975918,-0.003481873,0.020179236,0.008637169,0.019020021,-0.001766719,-0.001766719,0.008710303,-0.001766719,-0.001766719,-0.001766719,-0.001766719,0.004961744,-0.001766719,-0.016167487,-0.00183403
16,0.010884845,0.004963637,-0.055597295,0.004963637,0.004963637,-0.036920744,0.004963637,0.004963637,-0.007457358,-0.019533713,0.054394633,-0.00083353,0.004963637,0.026184732,-0.029672454,0.004963637,-0.003936813,-0.02648373,0.004963637,0.044298698,0.004963637
17,0.009706553,-0.005293709,-0.005293709,-0.005293709,-0.020118088,0.016373909,-0.005293709,-0.001022756,0.141227062,0.059294276,0.004468028,-0.022931945,0.075245255,-0.042293377,-0.016298371,-0.005293709,-0.005293709,0.002865171,-0.005293709,-0.163978696,-0.005481058
18,-0.032914834,-0.001876851,-0.01923465,-0.001876851,-0.001876851,-0.030832363,-0.001876851,-0.001876851,-0.012487822,-0.018596583,-0.06017812,0.026019818,-0.001876851,0.023969438,0.033374894,0.062561426,-0.001876851,0.05790977,-0.001876851,-0.012699313,-0.001876851
19,0.043210678,0.000605741,0.017625297,-0.060228492,0.000605741,-0.020055743,0.000605741,0.014083284,0.000605741,0.112109308,0.000605741,0.00687965,0.010133162,-0.008782704,-0.076885368,0.088327265,-0.062351733,0.039546316,0.000605741,-0.107828938,0.000583572
20,-0.0033796,-0.007121035,-0.0033796,-0.0033796,-0.129910447,-0.0033796,-0.0033796,-0.0033796,-0.0033796,-0.0033796,0.011713183,0.120474686,-0.0033796,0.047026988,-0.013209941,-0.06207062,-0.0033796,-0.0033796,-0.0033796,0.07703198,-0.0033796
21,0.043041551,-0.010833235,-0.010833235,-0.010833235,-0.019773858,0.049820481,-0.010833235,-0.010535983,0.003936546,0.040845874,-0.041864766,0.085712688,-0.010833235,0.03292991,-0.071451777,-0.010833235,-0.010833235,-0.007363309,-0.010833235,-0.008101189,-0.010530285
22,-0.07668866,-0.052608873,0.017091103,0.014885817,0.012016038,0.010750926,-0.026444596,0.014885817,-0.080084203,-0.060655313,0.014885817,0.010299428,0.014885817,0.014885817,0.014885817,0.014885817,0.046366336,0.031868111,0.036887756,0.012115409,0.014885817
23,0.007900687,-0.033687006,-0.086362613,-0.027057765,0.007900687,0.036464588,0.007900687,0.007775256,-0.046920172,0.007900687,0.007900687,0.007900687,0.007900687,0.047811402,0.007900687,0.007900687,-0.013979977,0.007900687,0.007900687,0.021128674,0.007920054
24,0.050671944,0.088704305,-0.020991234,0.042029618,0.017230359,-0.020991234,0.042322588,-0.020991234,-0.020991234,-0.027461505,-0.020991234,-0.045924499,0.017699632,-0.020991234,0.023609187,0.010487206,-0.020991234,0.056126972,-0.020991234,-0.086574704,-0.020991234
25,0.007767068,0.054463784,0.007767068,0.008793311,-0.043293025,-0.06499591,0.007767068,0.007767068,0.007767068,-0.006057281,-0.041032347,0.007751293,0.007767068,0.030531175,0.045876848,0.007767068,0.007767068,0.007767068,0.007767068,-0.077091248,0.00738272
26,0.066766245,0.017248548,-0.054149578,0.020952619,0.017248548,-0.003231899,0.017248548,-0.018753947,0.013875732,0.017248548,0.017248548,0.017248548,-0.056856053,-0.021233026,0.016222305,-0.076737544,0.022355224,0.017248548,0.017248548,-0.064381675,0.017183209
27,-0.008271965,-0.01121567,-0.01121567,0.025206384,0.037279581,-0.01121567,-0.106708898,0.024496396,0.077574927,0.045360591,-0.01121567,0.065012581,0.011040898,-0.01121567,0.075019778,-0.045710326,-0.01121567,-0.01121567,-0.172290093,0.061715502,-0.01121567
28,0.039727201,0.00093166,0.00093166,0.00093166,-0.009980591,0.071960524,0.00093166,-0.170139021,-0.066019247,-0.001172904,0.008019469,-0.084616581,0.007666164,0.130025064,0.011366713,0.00093166,0.00093166,0.044165637,0.00093166,0.011488211,0.000987737
29,0.02732082,0.02732082,-0.013315696,0.02732082,0.02732082,-0.088125289,0.02732082,0.017999036,0.024243255,0.02732082,0.024439602,0.02732082,-0.126189874,-0.076825106,0.02732082,0.02732082,-0.053641984,-0.033707567,0.02732082,0.024585184,0.027330241
30,0.042802317,0.003583938,0.003583938,0.003583938,-0.028845106,0.00910458,0.003583938,0.001372342,-0.066602551,0.165749854,0.03114956,-0.111606867,-0.060127275,0.029794067,0.012138326,0.003583938,0.003583938,0.007765104,0.003583938,-0.061375123,0.003593207
31,-9.93E-05,-9.93E-05,0.072710645,-9.93E-05,-9.93E-05,0.025678472,-9.93E-05,0.027374589,-0.008396254,-9.93E-05,-0.016811488,-0.003675089,0.022375717,-0.026689607,-9.93E-05,-9.93E-05,-0.049850159,-9.93E-05,-9.93E-05,-0.041564668,-0.000158895
32,0.048003285,0.003010289,0.003010289,0.003010289,-0.055157073,0.016646327,0.003010289,-0.084509304,-0.012482593,-0.058395545,0.014339754,0.001924702,0.068428672,0.023400921,0.114189572,0.003010289,0.003010289,-0.061714874,0.003010289,-0.038698756,0.00295289
33,-0.035815389,-0.002405758,0.044432525,-0.002405758,-0.002405758,-0.026724355,-0.002405758,-0.002405758,0.055013833,-0.002405758,-0.126018921,-0.005401791,-0.002405758,-0.068012275,0.066680363,0.039677289,-0.088280571,0.133842798,-0.002405758,0.032258317,-0.002405758
34,-0.15478542,0.01293763,-0.029990536,0.01293763,0.029782143,-0.05953528,0.01293763,0.040512609,-0.007231145,0.029181848,0.025345287,0.010155366,0.002825639,0.01293763,-0.109031883,0.137585149,0.01293763,0.01293763,0.01293763,-0.017900751,0.012523562
35,0.053612517,-0.009743672,-0.108010879,0.078347393,-0.066818531,-0.003322443,-0.031636679,0.170504704,-0.009743672,0.078084296,-0.00184913,-0.037129413,-0.009743672,-0.009743672,0.013158024,-0.040585461,-0.009743672,-0.009743672,-0.009743672,-0.026227331,-0.009921364
36,-0.004426383,-0.021044402,-0.004426383,-0.004426383,-0.004426383,-0.004426383,0.046724729,-0.004426383,0.062387812,0.004776533,-0.004426383,0.02439013,-0.004426383,0.003661839,-0.004426383,-0.004426383,-0.004426383,-0.004426383,-0.058927277,-0.004426383,-0.004426383
37,-0.020512818,0.010459312,0.010459312,0.010459312,-0.060230776,0.155948383,0.010459312,-0.12698344,-0.01991008,0.047389477,-0.008867696,-0.033767349,-0.114327113,0.056021839,-0.039903837,0.010459312,0.010459312,-0.025811898,0.010459312,0.106946785,0.010793342
38,-0.014817244,-0.018539969,0.006414791,-0.026992093,-0.018539969,-0.029524416,-0.018539969,0.081349722,0.155389941,-0.018539969,-0.018539969,-0.018539969,-0.018539969,-0.004996289,-0.018539969,-0.018539969,-0.085160079,-0.018539969,0.140862807,-0.018539969,-0.018587487
39,0.118074795,-0.018325132,-0.212613856,-0.040319752,-0.023816206,0.05612377,-0.022871746,-0.031924218,0.073554309,0.006922254,0.011363935,0.011363935,0.015401802,0.011363935,0.011363935,0.011363935,0.011363935,-0.022374068,0.011363935,0.011363935,0.011256571
40,-0.082161707,-0.003700298,-0.003700298,-0.022791151,0.065572758,-0.080298134,-0.003700298,0.032168096,-0.003700298,-0.032630191,0.009785905,0.014774218,-0.003700298,-0.003700298,0.02873255,0.071053648,-0.003700298,-0.003700298,-0.003700298,0.032831641,-0.00373495
41,-0.046000004,-0.026505116,-0.048968669,-0.024349164,0.018213202,0.008227021,0.017972442,-0.011857268,-0.019362142,0.072582864,0.007313662,0.007313662,-0.117916685,0.007313662,0.007313662,0.007313662,0.007313662,0.007313662,0.007313662,0.112130941,0.007323283
42,-0.020657361,0.026822485,0.119534023,0.234675418,-0.020657361,-0.039841138,-0.020657361,-0.017001157,-0.037192452,-0.020657361,0.103825194,-0.020657361,-0.020657361,-0.092690607,-0.020657361,-0.020657361,-0.050165954,-0.020657361,-0.020657361,-0.020657361,-0.020734838
43,0.002776434,0.049251409,-0.009320696,0.090075564,0.04858827,-0.009320696,-0.164258159,-0.009320696,-0.009320696,-0.008989868,-0.009320696,0.004167854,0.058642216,-0.009320696,0.014955921,0.017789389,-0.009320696,-0.009320696,-0.009320696,-0.019792075,-0.009320696
44,0.037957515,0.006901469,0.05566449,-0.12197797,0.095879679,0.006901469,-0.047924695,0.071672216,0.006901469,-0.018512983,0.006901469,0.006901469,0.006901469,0.039334533,-0.087242627,0.018818923,0.006901469,0.006901469,0.006901469,-0.112680407,0.00689811
45,-0.022184746,-0.01696731,-0.022184746,-0.046570022,0.061775227,-0.022184746,-0.022184746,0.065530383,0.015705377,0.057198694,0.017078039,-0.0561906,0.039848751,-0.051500944,0.011370293,-0.022184746,-0.022184746,-0.027764686,0.107964764,-0.022184746,-0.022184746
46,-0.103317539,0.001867597,0.032179546,-0.101052084,0.115483683,0.001867597,0.058369148,-0.053613556,0.001867597,0.048830369,0.070799458,0.070223897,0.001867597,0.001867597,-0.090222498,0.01190686,0.001867597,0.001867597,0.010169611,-0.08484675,0.002016679
47,0.100072844,-0.025071052,-0.101622734,0.024154088,-0.024446358,-0.128931275,0.149346284,0.093410097,-0.025071052,-0.057305,0.055622909,0.067486912,-0.025071052,-0.025071052,0.077318938,0.052479313,-0.025071052,-0.025071052,-0.043045463,-0.08909909,-0.02501515
48,0.062448303,-0.017966383,-0.017966383,-0.017966383,-0.023993085,0.027747367,-0.017966383,-0.010827434,0.008852251,-0.01680113,0.020407471,-0.172636575,0.106862554,0.094509258,-0.013860485,-0.017966383,-0.017966383,0.057554297,-0.017966383,0.003439556,-0.017937669
49,0.010404856,-0.012759199,0.07944931,-0.012759199,-0.012759199,0.047831415,-0.012759199,-0.059763689,0.10712731,-0.012759199,-0.012759199,-0.012759199,-0.012759199,-0.022574723,-0.012759199,-0.012759199,-0.012759199,-0.012759199,-0.012759199,0.016137045,-0.012741934
50,-0.004240776,-0.068628544,-0.080842543,0.040558062,0.041571204,-0.087783481,-0.04136981,0.030608979,0.089565839,0.089163904,-0.018375884,-0.018375884,-0.018465376,-0.018375884,-0.018375884,-0.018375884,-0.018375884,0.096496872,-0.018375884,0.060488333,-0.018491475
51,-0.011847822,0.022775232,0.06498562,-0.111299663,-0.009853303,-0.017724544,-0.010665983,0.022775232,0.087944212,-0.106173219,0.022775232,0.093221438,0.055193133,0.022775232,0.086497096,0.022775232,0.022775232,0.022775232,-0.131361621,-0.170991847,0.022649876
52,0.067925516,-0.017951531,0.026811876,0.041703682,-0.017951531,0.00507138,-0.017951531,-0.02879873,-0.047057341,-0.017951531,-0.017951531,-0.017951531,-0.043433034,0.059307303,-0.116372501,0.117251407,0.088851269,0.00461553,-0.017951531,-0.032188786,-0.018026854
53,0.031242149,-0.002042151,0.009090093,0.007495341,0.006290775,-0.002042151,-0.01857717,-0.002042151,0.020969478,-0.062862247,-0.002042151,-0.10708232,-0.110358755,-0.002042151,0.095437399,-0.002042151,-0.002042151,-0.002042151,-0.010264737,0.157165537,-0.002208335
54,-0.011800198,-0.070845453,-0.011800198,0.031553291,-0.03662888,-0.02558941,-0.011800198,-0.009556208,0.034212316,0.135712526,-0.011800198,-0.002784177,0.044249882,0.024741348,-0.011800198,-0.011800198,-0.007605478,-0.001608808,-0.021653386,-0.011800198,-0.011596181
55,0.090587549,-0.011736577,0.024839421,-0.095955074,-0.002669615,-0.018401274,0.081593004,-0.011736577,0.015761208,-0.086092791,-0.011736577,0.051581141,0.137620304,-0.011736577,-0.042159541,-0.011736577,-0.011736577,-0.011736577,-0.007061476,-0.055152588,-0.012334229
56,-0.043956987,0.003905601,0.014996966,0.098288506,-0.033326853,-0.053127982,0.000497367,0.023806837,0.003905601,-0.063614718,0.027502901,0.029242327,0.003905601,0.003905601,0.075024462,0.021527116,0.003905601,0.003905601,-0.070306327,-0.05380017,0.003812945
57,0.004161126,0.009140626,0.115100288,-0.120396788,-0.027141691,0.009140626,0.153840275,0.009140626,0.009140626,0.122931695,0.009140626,-0.028071307,-0.153725425,0.009140626,-0.05113499,0.009140626,0.009140626,0.009140626,0.009140626,-0.116245755,0.009276311
58,0.121835945,0.013266223,-0.134936609,-0.043668038,0.013266223,-0.043168461,0.013266223,0.021219241,0.013266223,-0.031842759,0.013266223,0.013266223,-0.059613819,0.005717238,-0.041296827,0.108910069,0.106038883,-0.146397995,0.013266223,0.030997815,0.013341752
59,0.045656691,-0.001753747,-0.105397441,0.158807167,-0.011212331,-0.028591683,0.031738575,-0.004419908,-0.001753747,0.021583713,-0.012068501,-0.090634789,-0.001753747,-0.001753747,-0.078644617,-0.025510806,-0.001753747,-0.001753747,0.006324416,0.104622821,-0.001730825
60,0.01590648,-0.010213708,0.034063431,-0.010213708,-0.025394716,0.101888849,-0.060291817,0.073697429,-0.010213708,0.042446228,-0.039936043,0.168454525,-0.010213708,-0.010213708,0.046230929,-0.201607609,-0.010213708,-0.010213708,-0.010213708,-0.063393285,-0.010354735
61,-0.051775064,-0.086836223,-0.046274966,0.069349267,-0.007858741,0.013389535,-0.021878883,0.03239198,-0.0822903,0.18160574,0.009436764,0.009436764,-0.007979694,0.009436764,0.009436764,0.009436764,0.003814647,0.009436764,0.009436764,-0.071092503,0.009377854
62,-0.004764123,-0.004764123,-0.0688287,-0.088100004,-0.005743993,-0.083286037,0.175750507,-0.051783317,-0.00763806,0.269057501,-0.004764123,-0.20915062,-0.066717484,-0.004764123,0.063468629,-0.00830247,-0.004764123,-0.004764123,-0.041273876,0.156007829,-0.004875167
63,0.003690035,0.160386689,0.003690035,0.003690035,-0.058299417,0.003690035,-0.036638522,0.003690035,0.003690035,-0.081133612,0.003690035,-0.032760628,0.003690035,0.046408815,-0.136166916,0.155704109,0.003690035,-0.087971381,0.067355263,-0.033784746,0.003690035
64,0.037721242,-0.035892278,-0.035892278,-0.035892278,0.033572589,-0.002429836,-0.035892278,0.063003114,0.07737599,0.131657164,-0.059554922,-0.094507356,-0.035892278,0.103020315,0.087005251,-0.035892278,-0.035892278,-0.003206338,-0.035892278,-0.050519543,-0.035999443
65,0.055067144,-0.024734277,-0.030186947,-0.046611961,-0.024734277,-0.04582619,-0.024734277,0.011201227,0.098147534,-0.024734277,-0.024734277,-0.024734277,0.13381339,0.081408594,-0.072370279,-0.024734277,0.068429092,-0.024734277,-0.024734277,-0.005982419,-0.02448069
66,-0.004456854,-0.151170979,-0.012633755,0.032847212,-0.004456854,-0.03315956,0.105536803,-0.004456854,0.142603063,-0.004456854,-0.004456854,0.006774032,-0.013963925,-0.004456854,-0.004456854,-0.004456854,-0.018529427,-0.088871461,0.068830881,0.001771023,-0.004379074
67,0.011842983,0.079928478,0.011842983,-0.055420987,-0.016063821,0.011842983,0.011842983,0.011842983,-0.031174547,0.142442612,0.000222015,-0.092931728,-0.065291209,-0.051751974,0.082091367,0.011842983,0.011842983,-0.071536761,-0.027100295,0.011842983,0.011842983
68,0.028200999,-0.070398185,-0.009333907,-0.009333907,-0.152785112,-0.009333907,-0.145554565,0.034000282,-0.009333907,-0.007949718,-0.009333907,0.060854903,-0.020611654,-0.009333907,0.007002946,-0.009333907,-0.009333907,0.2061119,-0.009333907,0.154467278,-0.009333907
69,-0.068252055,0.149089993,0.003784827,0.003784827,0.026623041,0.088488485,0.003784827,-0.05157923,0.003784827,-0.070316473,0.095768827,0.121023202,0.003784827,0.092432155,-0.166535756,0.003784827,0.003784827,0.003784827,-0.12233927,-0.128494951,0.003813417
70,0.059007438,-0.017807394,0.004662906,0.138791169,-0.087069927,-0.017487137,0.004662906,0.004662906,0.089536588,-0.125737157,0.004662906,0.046403422,-0.105984478,0.004662906,0.1806327,0.004662906,0.004662906,-0.068530785,-0.000531982,-0.128525706,0.004662906
71,-0.000702751,-0.024050395,-0.000702751,-0.000702751,0.050316654,-0.000702751,-0.000702751,-0.000702751,0.069910135,0.059838751,-0.000702751,-0.105536848,-0.000702751,-0.000702751,-0.029965314,-0.000702751,-0.000702751,0.071529945,-0.068353997,-0.015255919,-0.000702751
72,-0.020029414,-0.004267053,0.075775732,-0.203899398,-0.02719477,-0.004267053,0.032620166,-0.004267053,0.161238205,-0.020271483,-0.004267053,0.104109975,-0.068846722,-0.004267053,-0.079781634,-0.004267053,-0.004267053,-0.004267053,-0.033507394,0.11839183,-0.004468665
73,0.166980466,-0.011180508,-0.058915704,-0.011180508,-0.011180508,0.097926303,-0.011180508,-0.011180508,-0.130881299,0.050785888,-0.068237045,0.082506794,-0.011180508,-0.050340235,0.000941422,-0.115757687,-0.011180508,0.095652017,-0.011180508,0.029963654,-0.011180508
74,-0.065071415,0.02609048,-0.000970903,-0.000970903,0.025105003,-0.101881609,-0.055543131,-0.000970903,0.047614238,0.075751816,-0.000970903,-0.063341066,-0.000970903,-0.000970903,-0.000970903,-0.000970903,-0.044184674,0.052282636,0.120874533,-0.00895868,-0.000970903
75,0.055195764,0.002122364,0.080180144,-0.086022271,0.002122364,-0.017087439,0.002122364,0.084759802,0.002122364,0.002122364,0.002122364,0.002122364,-0.015246786,-0.087798124,-0.079956522,0.002122364,0.002122364,0.002122364,0.002122364,0.0404296,0.002199826
76,0.02121164,0.152955927,-0.063890835,-0.068931805,0.02121164,0.029688084,0.02121164,0.073936288,0.067372502,0.02121164,-0.279278987,0.02121164,0.02121164,-0.253859973,0.02121164,0.02121164,0.087469123,0.02121164,0.02121164,0.02121164,0.02121164
77,-0.003687398,0.03094698,0.106340224,-0.159655085,-0.003687398,-0.034167101,0.032516578,-0.003687398,0.093596296,-0.003687398,-0.003687398,0.048224709,-0.138368501,-0.003687398,-0.003687398,-0.003687398,-0.004257446,0.065263925,-0.003687398,-0.003687398,-0.003566595
78,-0.124906321,0.006745382,0.006745382,0.006745382,0.044933139,-0.106527855,0.006745382,0.006745382,-0.019886341,0.066459767,0.006745382,0.091229745,0.006745382,0.006745382,0.006745382,0.006745382,-0.0854455,-0.019343237,0.173038642,-0.093751245,0.006745382
79,0.077079109,-0.006292467,-0.028848902,-0.006292467,-0.006292467,0.139088749,-0.006292467,-0.006292467,0.073634917,-0.006292467,-0.060818935,0.011008745,-0.006292467,-0.104933456,-0.23254529,-0.063309282,-0.038665164,0.029011043,-0.006292467,0.255930669,-0.006292467
80,0.20082249,-0.028469846,0.008215394,-0.021873879,-0.105526062,0.008215394,0.192476034,0.008215394,0.008215394,0.132698386,0.008215394,-0.104186794,-0.11819874,0.008215394,-0.055585423,0.008215394,0.008215394,-0.061312557,0.008215394,-0.112997553,0.008215394
81,-0.042180138,-0.092529282,0.00610629,0.00610629,-0.106820142,0.00610629,-0.068362668,0.00610629,0.00610629,0.062349477,0.00610629,0.022888157,0.001132795,0.00610629,0.144241962,0.00425866,0.00610629,-0.07182103,0.00610629,0.085779312,0.00610629
82,-0.017372854,0.050378021,-0.063465059,-0.130085287,-0.017372854,0.068738699,-0.017372854,0.00254537,0.104912549,-0.017372854,-0.017372854,-0.017372854,-0.017372854,0.15576116,-0.017372854,-0.017372854,0.037203129,-0.017372854,-0.017372854,-0.017372854,-0.017514329
83,0.031736072,-0.022888829,-0.022888829,0.101641831,-0.007913093,-0.022888829,0.095067037,-0.060633741,0.044032967,0.046037619,-0.022888829,0.146391645,-0.096823535,-0.022888829,-0.005723237,-0.045650391,-0.022888829,-0.022888829,-0.078397759,0.013345215,-0.022888829
84,-0.007076682,0.037596145,-0.141240822,0.037596145,-0.098336866,-0.00831693,0.037596145,-0.006708679,-0.077466174,0.078303176,-0.060394649,-0.016102314,-0.132827265,0.037596145,-0.01258982,0.104237485,0.037596145,0.037596145,0.037596145,0.078173736,0.037172791
85,-0.091615584,0.006423493,0.059026065,-0.009418033,0.006423493,-0.021543405,-0.029331416,-0.085600837,0.006423493,0.006423493,0.006423493,0.006423493,-0.174815594,0.123879748,0.006423493,0.006423493,0.006423493,0.006423493,0.006423493,0.15232307,0.006437559
86,-0.120078231,0.018903,0.010134119,-0.08523543,0.06957688,0.023286604,-0.061769579,0.018903,0.024747966,-0.07602489,0.018903,0.013335256,-0.012141368,0.018903,0.018880844,0.018903,0.018903,0.018903,0.000790818,0.043792594,0.01838342
87,-0.029834537,-0.029834537,0.072340108,-0.029834537,-0.029834537,0.110877643,-0.029834537,0.100360245,0.12224841,-0.029834537,-0.015833893,0.167768729,-0.073220636,0.123478809,-0.029834537,-0.029834537,-0.050210798,-0.088868686,-0.029834537,-0.170673196,-0.0297559
88,0.007751263,0.011740871,0.011740871,0.011740871,-0.17812743,-0.062735901,0.011740871,0.084926443,-0.039345991,0.044261706,0.008797104,-0.05547536,0.011740871,0.20438116,0.021913808,0.011740871,0.011740871,-0.07797055,0.011740871,-0.064106799,0.011803578
89,-0.004721523,-0.161059947,-0.004721523,-0.004721523,0.026065084,-0.004721523,0.182168528,-0.004721523,-0.22635567,0.120318408,0.058543474,0.205809426,-0.004721523,-0.110755965,-0.038937467,-0.004721523,-0.004721523,0.030878897,-0.033651031,-0.010530033,-0.004721523
90,-0.024878814,-0.021355654,0.12455614,-0.021355654,-0.106281856,-0.021355654,-0.021355654,-0.071569239,-0.021355654,0.066076552,-0.021355654,0.063864893,-0.053858507,0.028803119,0.031416047,0.045838083,0.047586092,-0.021355654,-0.021355654,0.04064838,-0.021355654
91,-0.009115455,0.019182654,-0.049548384,0.031319085,-0.058561944,0.091722861,0.053073483,-0.009115455,0.031432063,-0.009115455,-0.009115455,-0.068650773,0.004299817,-0.009115455,-0.009115455,-0.009115455,-0.048104641,-0.009115455,-0.010118036,0.085074328,-0.008196872
92,0.003441338,0.003441338,-0.114220846,0.003441338,0.003441338,-0.080555205,0.003441338,0.011267144,-0.076007794,0.003441338,0.027908553,0.135086598,0.04998176,0.019256002,0.003441338,0.003441338,0.020243204,0.035006519,0.003441338,-0.062432425,0.003494447
93,-0.081514579,-0.153513527,-0.009492108,0.127692875,-0.001951037,-0.044569631,-0.009492108,-0.009492108,-0.028236306,-0.045827692,-0.009492108,0.058395075,0.095962023,-0.009492108,0.039699759,-0.009492108,-0.009492108,0.078184083,0.013061377,0.018437796,-0.009375462
94,0.124356631,0.013479879,0.034342136,-0.156216066,0.063815554,-0.054384973,-0.218157157,0.034305049,0.013479879,-0.079862892,0.043104881,0.021884572,0.013479879,0.013479879,-0.006993253,0.118166412,0.013479879,0.013479879,-0.075410998,0.056746017,0.013424814
95,0.025184324,-0.013024156,-0.017905685,-0.042175582,-0.07818736,-0.013024156,0.070587486,0.016388831,-0.013024156,0.053793718,-0.013024156,-0.013024156,-0.013024156,0.072503431,0.019755262,0.079038128,-0.013024156,-0.013024156,-0.013024156,-0.068710536,-0.013054611
96,-0.064320396,-0.02687073,0.009883485,0.123863303,-0.042551713,0.009883485,-0.075858095,0.022429128,0.009883485,-0.015147379,0.009883485,0.016754376,0.009883485,0.009883485,-0.050078808,0.027486698,0.009883485,0.009883485,0.009883485,-0.014541234,0.009883485
97,0.015889786,-0.054353082,0.004285958,0.132097162,-0.074414089,0.004285958,-0.137152607,0.004285958,0.004285958,0.015848793,0.004285958,-0.045416082,0.004285958,0.004285958,0.043600366,0.004285958,0.004285958,0.004285958,0.004285958,0.052468253,0.004285958
98,-0.015151999,0.071518611,0.183419034,-0.081278322,-0.015151999,0.051809677,-0.015151999,0.004406208,-0.015151999,-0.015151999,-0.015151999,-0.015151999,-0.015151999,-0.020608071,-0.015151999,-0.015151999,-0.015151999,-0.015151999,0.002911782,-0.015151999,-0.015202937
99,0.054978145,0.004188005,0.010824588,0.004188005,0.004188005,-0.139814299,0.004188005,0.004188005,0.00647773,0.090386884,-0.055715569,0.019142501,0.004188005,-0.043218367,0.140724963,0.070547052,-0.0576495,-0.150653345,0.004188005,0.020465179,0.004188005
100,-0.124804061,0.013306696,0.134387356,0.013306696,0.013306696,0.103691578,0.013306696,0.013306696,0.114400223,-0.120887405,0.064299306,-0.020848125,0.013306696,0.011657264,-0.155889308,0.010688668,0.013306696,-0.033810827,0.013306696,-0.102644931,0.013306696
101,0.147366584,-0.02987206,-0.02987206,-0.02987206,-0.109425338,0.017387296,-0.02987206,-0.013065454,0.166543486,0.004391085,0.047274883,-0.020874799,0.009151051,0.010220762,-0.104267389,-0.02987206,-0.02987206,0.117174506,-0.02987206,-0.034123978,-0.028648276
102,0.079413704,-0.075830928,0.001630332,0.001630332,-0.053078797,0.001630332,0.001630332,0.001630332,0.001630332,0.001630332,0.001630332,-0.012175954,0.001630332,0.042395198,0.088260913,0.001630332,0.001630332,0.001630332,0.001630332,-0.091808783,0.001630332
103,1.17E-05,-0.032210098,1.17E-05,1.17E-05,-0.054542259,1.17E-05,1.17E-05,1.17E-05,0.047624245,0.03000106,1.17E-05,-0.165395669,1.17E-05,0.068991705,0.128405477,1.17E-05,1.17E-05,0.038615696,-0.075217819,0.013598467,1.17E-05
104,0.005314406,0.005314406,-0.090448467,0.173153309,0.005314406,0.018902162,0.005314406,0.022174106,0.090682835,0.005314406,-0.154358427,0.005314406,0.005314406,-0.134461221,0.005314406,0.005314406,0.005314406,0.005314406,0.005314406,0.005314406,0.005268425
105,0.00510896,0.006896048,0.043313263,-0.114011992,0.00334341,-0.185868798,0.121022384,0.128551483,0.006896048,-0.058732741,0.093310407,0.021558691,0.006896048,0.006896048,0.132894978,-0.132847457,0.006896048,0.006896048,-0.049433472,-0.056370412,0.006785006
106,-0.13534238,0.266904666,0.008901707,0.037605232,-0.038817663,-0.04174132,0.008901707,0.008901707,0.026471565,0.079257034,0.008901707,0.060854854,0.034816772,0.008901707,-0.16942723,0.008901707,0.008901707,-0.049477336,-0.108633514,-0.034002256,0.009219626
107,-0.00856166,0.001273006,0.013372189,0.001273006,-0.065994556,0.143001437,0.001273006,0.060673732,0.041045051,-0.027785011,-0.122321037,0.084856904,0.116982559,0.001273006,-0.081775458,-0.027529369,0.001273006,0.001273006,0.001273006,-0.137589694,0.00271387
108,0.003161052,-0.009775749,0.093223094,-0.009775749,-0.009775749,-0.05135013,-0.009775749,-0.06413865,0.097118972,-0.009775749,-0.034464197,0.043678571,-0.009775749,-0.100132589,-0.009775749,0.144386188,-0.030365976,0.033677015,-0.009775749,-0.046872549,-0.009714809
109,0.011421646,-0.019452108,0.111980385,-0.060756419,-0.019452108,0.059406352,-0.019452108,-0.036873858,-0.019452108,0.178954775,-0.019452108,-0.019452108,0.059685506,-0.259741244,-0.015514792,0.091690575,-0.019452108,-0.019452108,-0.019452108,0.054563844,-0.019747794
110,-0.020665534,-0.020665534,-0.054785095,0.087430757,-0.020665534,0.055674145,-0.020665534,0.10351475,0.102077761,-0.020665534,-0.020665534,-0.020665534,-0.020665534,-0.053418493,-0.020665534,-0.020665534,0.049010402,-0.020665534,-0.020665534,-0.020665534,-0.02085229
111,-0.12741936,-0.001689498,0.017905234,-0.057764197,-0.030223496,0.017905234,0.025747988,0.017905234,0.017905234,0.071280416,0.017905234,0.008335647,-0.009751296,0.017905234,-0.026167778,0.081684703,0.017905234,-0.064237651,0.017905234,-0.030942585,0.017905234
112,-0.008456307,-0.008456307,-0.055129101,-0.008456307,-0.008456307,-0.045483277,-0.008456307,-0.059338579,0.048601783,-0.008456307,0.070794783,0.026702335,-0.106070388,0.149551551,-0.008456307,-0.008456307,0.109037339,-0.008456307,-0.008456307,-0.045905769,-0.008197604
113,-0.013299809,0.006220596,0.006220596,0.006220596,0.032493319,-0.09797933,0.006220596,-0.176979757,0.230781902,0.057306662,-0.07509398,-0.065724084,0.062557093,-0.099814654,0.06112434,0.006220596,0.006220596,0.004643759,0.006220596,0.030165083,0.006275283
114,-0.160217376,0.009127149,-0.174608865,0.009127149,0.009127149,0.087021686,0.009127149,0.009127149,-0.045339926,0.075263447,0.109691689,0.117150859,0.009127149,-0.050071057,0.069363666,0.046735922,0.009127149,-0.114343529,0.009127149,-0.042790856,0.009127149
115,-0.068020356,9.32E-05,-0.041740726,0.080317556,0.035648089,0.025260073,0.105501501,-0.067387627,9.32E-05,9.32E-05,9.32E-05,0.018148283,0.051768778,9.32E-05,-0.051790636,9.32E-05,9.32E-05,9.32E-05,-0.072717079,-0.015938704,0.000205271
116,-0.003586278,-0.003586278,-0.003586278,-0.003586278,-0.003586278,-0.015801789,-0.003586278,-0.003586278,-0.003586278,-0.003586278,-0.003586278,0.000248591,-0.003586278,-0.000852153,-0.017903638,-0.003586278,-0.003586278,-0.003586278,-0.003586278,0.091689437,-0.003586278
117,-0.038695381,0.025965563,-0.013972027,-0.112288744,0.065180711,0.180800303,-0.013972027,-0.013972027,-0.008288608,-0.158807207,-0.013972027,0.04054268,0.053208194,-0.013972027,-0.078499866,-0.013972027,-0.013972027,0.05039995,0.110680695,-0.018032463,-0.014361636
118,-0.047176277,-0.017820314,-0.020142888,-0.017820314,0.051644818,-0.017820314,0.141871575,-0.0335557,-0.017820314,-0.035853619,-0.017820314,-0.017820314,-0.017820314,-0.00790576,0.025952038,0.1338215,-0.017820314,-0.017820314,-0.017820314,-0.012638069,-0.017814483
119,0.046151251,0.046151251,-0.135724869,0.046151251,0.046151251,0.066000017,0.046151251,0.013898074,-0.008893148,0.046151251,-0.159101447,0.046151251,-0.010514282,-0.085256407,0.046151251,0.046151251,0.202160203,-0.288266195,0.046151251,-0.101993108,0.046178648
120,0.038918993,0.0043887,-0.02955326,0.12797172,-0.027197839,0.010842332,-0.0518857,-0.005560038,-0.030930345,0.063593138,0.0043887,0.0043887,-0.126908313,0.0043887,0.0043887,0.0043887,-0.087765593,0.0043887,0.0043887,0.079025431,0.004339874
121,0.014859827,-0.151259565,0.054211861,0.044112888,0.014859827,0.019867327,0.014859827,-0.043500918,-0.0974725,0.014859827,0.004543037,0.014859827,0.014859827,-0.022545797,0.014859827,0.014859827,-0.055784478,0.014859827,0.014859827,0.084343726,0.014886152
122,-0.035249462,0.037340229,0.037340229,0.037340229,-0.062368863,-0.028519269,0.037340229,-0.157558785,0.008147254,-0.060646344,-0.136397252,0.072311946,-0.072060339,0.159699384,0.033371464,0.037340229,0.037340229,0.015232473,0.037340229,-0.032956307,0.035612496
123,0.12294793,0.001740959,-0.011466441,0.001740959,0.125101533,0.001740959,0.043743732,-0.03016044,0.001740959,-0.119749293,0.001740959,0.001740959,0.001740959,0.001740959,0.021932898,-0.032623389,0.001740959,0.001740959,0.001740959,-0.140618043,0.001740959
124,0.03854946,-0.008480126,0.008138573,-0.008480126,-0.008480126,-0.072073956,-0.008480126,-0.008480126,0.043804795,0.015176509,0.095162424,0.116724681,-0.008480126,-0.345007831,-0.030519329,0.174852411,-0.008480126,0.014517183,-0.008480126,0.016996212,-0.008480126
125,-0.078190169,0.096626359,-0.010916052,-0.01420792,0.132569384,-0.010916052,0.040672307,0.05510015,-0.010916052,-0.015475744,-0.010916052,-0.057398706,0.026632608,-0.010916052,-0.022378006,-0.010916052,-0.010916052,-0.010916052,-0.010916052,-0.054789739,-0.010916052
126,0.012189798,-0.010975507,0.008517588,0.010514746,0.012189798,0.226787053,0.012189798,-0.028771524,-0.0586149,0.012189798,0.012189798,0.012189798,0.012189798,-0.133370805,0.012189798,0.012189798,-0.126680662,0.012189798,0.012189798,-0.0335306,0.012036832
127,-0.011935764,-0.011935764,0.150537834,-0.011935764,-0.011935764,-0.09815942,-0.011935764,0.102959516,-0.096299573,-0.011935764,-0.041603651,-0.027127115,0.088265848,0.028767055,-0.011935764,-0.011935764,0.005792836,-0.104210445,-0.011935764,0.110885767,-0.012386771
128,-0.193593507,0.028820367,-0.027740721,0.028820367,0.028820367,0.037844069,0.028820367,0.028820367,-0.080734314,-0.075758053,0.015685877,-0.010593816,0.028820367,0.068513209,-0.12446646,0.042130208,0.080065303,0.023140577,0.028820367,0.014944693,0.028820367
129,0.058696922,-0.005709903,-0.005709903,-0.005709903,0.09797325,-0.061161196,-0.005709903,-0.03259026,-0.001903126,-0.118147382,0.08069402,-0.152684495,-0.044381502,0.270331399,0.079747039,-0.005709903,-0.005709903,-0.149309589,-0.005709903,0.016985997,-0.004281757
130,-0.017294059,-0.018147391,-0.018147391,-0.018147391,-0.013092104,0.087116644,-0.018147391,-0.018147391,-0.018147391,-0.018147391,0.041986108,-0.052936994,-0.018147391,0.043568644,0.174023684,-0.005886297,-0.018147391,-0.018147391,-0.018147391,-0.039716937,-0.018147391
131,-0.078345197,-0.036167791,0.088027175,0.125723388,0.018825608,-0.036167791,0.116805595,-0.110044241,-0.036167791,0.12814425,-0.036167791,-0.036167791,-0.036167791,0.072175351,-0.042652173,-0.056413212,-0.036167791,-0.036167791,-0.036167791,0.099431365,-0.036167791
132,0.025009942,0.046453933,0.071845847,-0.046660241,0.01153918,-0.174196282,0.111246369,0.059965124,0.018768473,-0.16274231,-0.00141771,-0.00141771,-0.016266771,-0.00141771,-0.00141771,-0.00141771,0.091488902,-0.00141771,-0.00141771,-0.025284497,-0.001243698
133,-0.107135456,-0.009814826,-0.016625986,0.088391367,-0.009814826,-0.023676739,-0.009814826,0.231138677,0.049800978,-0.02025819,0.101035366,0.025249236,-0.232504402,-0.063114502,-0.106167565,-0.009814826,0.060937236,0.081287875,-0.009814826,-0.009814826,-0.00946894
134,0.077697059,0.11299715,0.006045988,0.026765763,-0.018077359,0.044078899,-0.093169059,0.030960482,-0.068891329,0.124056618,0.030960482,-0.057240234,0.030960482,0.030960482,0.030960482,0.030960482,0.09749125,-0.115551751,-0.024623632,-0.328302737,0.030960482
135,0.007401329,0.017007385,0.03666342,-0.025198606,0.007401329,-0.002498376,0.007401329,0.017397055,-0.029619719,0.007401329,0.007401329,0.007401329,0.007401329,-0.07076236,0.007401329,0.007401329,-0.039195936,0.007401329,0.007401329,0.007401329,0.007391189
136,-0.003918651,-0.073706546,-0.019420241,-0.15497086,-0.023382556,0.034893618,-0.004776363,-0.116656579,-0.073144979,0.030395987,-0.003918651,-0.003918651,0.224849271,-0.003918651,-0.003918651,-0.003918651,0.152535722,-0.200074599,-0.003918651,0.254956625,-0.004067943
137,0.019581605,0.019581605,0.129201399,0.019581605,0.019581605,0.122241743,0.019581605,0.114161323,-0.180795752,0.019581605,-0.075714797,0.019581605,0.058681834,-0.045143417,0.019581605,0.019581605,-0.175859967,-0.001573242,0.019581605,-0.159746931,0.018731759
138,-0.015082799,-0.095536281,-0.015082799,-0.015082799,-0.10280185,-0.015082799,0.035890278,-0.015082799,-0.015082799,-0.032176907,-0.015082799,0.122255509,-0.015082799,-0.060582364,-0.025151564,-0.015082799,-0.015082799,0.049726272,0.202697605,0.07159009,-0.015082799
139,0.091918572,-0.010655984,0.198646821,-0.010655984,-0.010655984,0.004626136,-0.010655984,-0.010655984,-0.010655984,-0.010655984,-0.075515833,-0.081442866,-0.010655984,-0.049799807,0.070737548,-0.077625655,-0.010655984,-0.010655984,-0.010655984,0.046326889,-0.010655984
140,9.38E-05,0.033335824,9.38E-05,9.38E-05,-0.027700191,9.38E-05,9.38E-05,9.38E-05,0.037308945,-0.111412214,9.38E-05,0.021843852,9.38E-05,0.138781817,9.38E-05,9.38E-05,9.38E-05,0.229298187,-0.203765723,-0.118815982,9.38E-05
141,0.055400284,0.002632576,0.002632576,0.002632576,0.128478038,-0.025819854,0.002632576,0.002632576,0.002632576,0.002632576,-0.243746446,-0.06139267,0.002632576,-0.029330083,-0.012851587,0.051578296,0.002632576,0.002632576,0.002632576,0.106093114,0.002632576
142,-0.033402651,-0.00590577,-0.00590577,-0.00590577,-0.013888112,0.002020117,-0.00590577,0.11428978,-0.00590577,-0.149688444,0.077373061,0.108565667,-0.00590577,0.126529248,0.140342214,-0.00590577,-0.00590577,-0.00590577,-0.277730702,-0.035352479,-0.00590577
143,0.086415428,-0.147871654,0.021004475,-0.010750907,-0.102904915,-0.010750907,0.075800573,-0.010750907,-0.069849466,-0.152582619,-0.010750907,-0.219232525,-0.010750907,-0.010750907,-0.010750907,-0.010750907,0.102194468,0.068975415,0.247815839,0.186993148,-0.010750907
144,0.009030447,-0.150026212,0.008471231,0.008471231,0.037017187,-0.105795338,0.008471231,0.008471231,0.008471231,0.008471231,0.011119195,0.00152158,0.008471231,-0.052940209,0.102471124,0.008471231,0.008471231,0.008471231,0.008471231,0.04594745,0.008471231
145,0.064579811,0.021290663,-0.046083317,0.021290663,0.097830079,0.021290663,0.021290663,-0.030840033,0.021290663,-0.184419227,0.021290663,0.153959834,-0.116550037,-0.105874543,-0.212161455,0.16995584,0.021290663,0.021290663,0.021290663,-0.003604136,0.021591218
146,0.022838135,0.061804809,0.022838135,0.022838135,0.10939162,0.022838135,-0.089014828,0.022838135,0.103973185,-0.310394221,0.022838135,0.046223142,0.022838135,-0.056227105,-0.178271678,0.022838135,0.022838135,0.019873668,0.022838135,0.041421924,0.022838135
147,-0.023355386,0.002152169,0.093672442,0.002152169,0.028366742,0.002152169,0.002152169,-0.226572922,0.002152169,0.121371607,0.002152169,0.002152169,0.002152169,-0.008835157,-0.024721559,0.117716474,0.002152169,0.002152169,0.002152169,-0.103490368,0.00217427
148,-0.019863574,0.0133526,-0.183900548,0.000640719,0.0133526,0.047252801,-0.051928752,0.096693309,0.0133526,0.0133526,0.0133526,0.0133526,-0.008051017,-0.143386539,0.009289382,0.0133526,0.0133526,0.0133526,0.0133526,0.104259368,0.015468856
149,0.023284821,0.003214115,0.205272873,0.003214115,-0.086759008,0.027552523,0.003214115,-0.045605918,0.10876553,-0.109585159,0.023296546,0.025156634,-0.129549736,0.003214115,-0.000806196,-0.089121738,0.003214115,0.003214115,0.003214115,0.023150999,0.002449024
150,0.014169039,-0.025035662,-0.046662504,-0.025035662,-0.025035662,0.096667583,-0.025035662,-0.025035662,0.009380399,0.100631475,-0.018518564,-0.071051658,-0.025035662,0.011864836,-0.014692047,-0.000794286,-0.025035662,-0.013595428,-0.025035662,0.157922111,-0.025035662
151,0.009830181,0.128842846,0.011219926,-0.34808595,0.009830181,-0.033694946,0.009830181,0.123734141,0.009830181,0.009830181,0.009830181,0.009830181,0.009830181,0.019925241,0.009830181,0.009830181,-0.039162918,0.009830181,0.009830181,0.009830181,0.009429311
152,-0.007780232,-0.067658128,-0.006268183,0.015101004,-0.007780232,0.01239478,-0.007780232,-0.007780232,-0.059355889,-0.007780232,-0.007780232,0.136528799,0.020629915,-0.007780232,-0.007780232,-0.007780232,0.014317588,0.008846841,0.011200544,-0.007780232,-0.007934953
153,-0.00415681,0.061940688,0.053991708,-0.00415681,-0.00415681,-0.000930319,-0.00415681,-0.017891549,-0.087481024,-0.00415681,-0.000898954,-0.00415681,-0.00415681,0.050278357,-0.00415681,-0.00415681,-0.00415681,-0.00415681,-0.00415681,-0.00415681,-0.004970379
154,0.098960184,0.018686364,-0.088005651,0.018686364,-0.097070292,-0.108531821,0.018686364,0.018686364,0.018686364,0.018686364,0.013567819,0.034209565,0.018686364,-0.014071739,-0.061349681,0.018686364,0.018686364,0.018686364,0.018686364,-0.001944754,0.018686364
155,0.006901447,-0.033380517,-0.033380517,-0.033380517,-0.036746558,0.05595385,-0.033380517,-0.06469948,0.05076897,0.126286369,0.034709437,-0.083111475,0.089564359,-0.030937763,0.056985375,-0.033380517,-0.033380517,0.086454413,-0.033380517,-0.026828592,-0.031636734
156,0.076341893,0.001119347,0.151157701,-0.009664894,-0.148888213,0.001119347,0.001119347,-0.161597413,0.001119347,0.042674345,0.001119347,0.024829351,0.001119347,-0.086097266,-0.100711215,0.101802809,0.001119347,0.001119347,0.001119347,0.101614352,-0.001535573
157,-0.002579582,-0.034234469,-0.054543968,0.116590708,-0.002579582,0.019545815,-0.002579582,0.017669537,-0.055052806,-0.002579582,0.078385593,-0.002579582,-0.002579582,-0.056341126,-0.002579582,-0.002579582,-0.002579582,-0.002579582,-0.002579582,-0.002579582,-0.001064301
158,-0.156641128,0.008227421,-0.013792035,0.03518802,0.008227421,0.043156122,0.008227421,0.114036856,0.183875224,0.008227421,0.008227421,0.008227421,-0.105058965,-0.001026512,-0.000148089,-0.008508972,0.037774251,-0.042928612,0.008227421,-0.151760508,0.008242405
159,-0.007762166,-0.009278634,-0.009278634,-0.009278634,-0.122183679,-0.009278634,-0.009278634,-0.009278634,-0.009278634,-0.009278634,0.111369629,-0.010383375,-0.009278634,0.211884651,-0.041986193,-0.009278634,-0.009278634,-0.009278634,-0.009278634,-0.011037996,-0.009278634
160,-0.127135274,0.008997454,0.00533254,0.00533254,-0.181770963,0.00533254,-0.029503193,0.00533254,0.00533254,-0.085492858,0.00533254,0.062753621,0.046355905,0.00533254,0.019473741,0.113352954,0.00533254,0.00533254,0.00533254,0.114310671,0.00533254
161,0.003759568,0.153341291,-0.07314353,0.003759568,0.003759568,-0.017698474,0.003759568,-0.117671328,0.003759568,0.003759568,0.003759568,0.003759568,0.003759568,-0.005091258,0.003759568,0.003759568,0.003759568,0.003759568,0.003759568,0.003759568,0.00386978
162,-0.136317423,-0.017719515,-0.017719515,-0.017719515,-0.030715942,-0.017719515,0.004991695,0.139510446,-0.017719515,0.013992482,-0.017719515,-0.017719515,-0.017719515,-0.020174895,0.105030528,0.09251537,-0.017719515,-0.017719515,-0.017719515,0.043085609,-0.017003202
163,0.05174671,0.207802627,0.007990116,-0.11839499,-0.098223995,0.041398342,0.007990116,0.007990116,-0.163738847,0.171924971,0.007990116,-0.109495432,0.102181493,0.007990116,-0.120408987,0.007990116,0.007990116,-0.210970319,-0.00186074,0.182661937,0.009446423
164,-0.082290099,-0.141804979,-0.012937592,-0.012937592,0.144112027,-0.014979297,0.01942427,-0.012937592,-0.111062142,0.068507697,-0.012937592,0.194639426,-0.012937592,-0.012937592,-0.012937592,-0.012937592,-0.012937592,0.030922693,0.115701519,-0.093795193,-0.012937592
165,-0.12059419,0.053268167,0.00479272,0.00479272,-0.005415529,0.00479272,0.00479272,0.00479272,0.00479272,0.00479272,0.088172027,0.094602518,0.00479272,-0.259682564,0.107160568,0.00479272,0.00479272,0.00479272,0.003419346,-0.018442984,0.00479272
166,0.0942546,-0.011755751,0.053314334,-0.011755751,-0.044302282,-0.011755751,-0.114557077,-0.011755751,-0.011755751,0.148616685,-0.011755751,-0.011755751,-0.011755751,0.060033861,-0.192789871,0.078100679,-0.011755751,-0.011755751,-0.011755751,0.052300351,-0.005658022
167,-0.016682663,-0.016682663,0.001096504,-0.016682663,-0.016682663,-0.058327975,-0.016682663,-0.035156562,0.189456429,-0.016682663,-0.113840785,0.165741087,-0.057615335,0.113624357,-0.016682663,0.094653858,0.077285851,-0.081141412,-0.016682663,-0.144433227,-0.01788149
168,-0.084377781,0.017785576,0.163312317,0.017785576,0.017785576,-0.118262232,0.017785576,0.017785576,0.030716071,-0.145732071,-0.05910992,0.113836299,0.017785576,-0.263743215,0.184192617,-0.013720829,0.017785576,0.018004535,0.017785576,0.014814025,0.017785576
169,-0.033224627,0.00057511,0.00057511,0.00057511,-0.054144092,-0.050334441,0.00057511,0.101142192,-0.002750768,0.03308859,-0.072252821,0.03630058,-0.067715367,0.009564748,0.169839647,0.00057511,0.00057511,-0.014109575,0.00057511,-0.060004944,0.00057511
170,0.035567786,0.080298076,-0.028936825,-0.028936825,0.074374344,-0.102233399,-0.028936825,0.086195547,-0.028936825,-0.064185903,0.012418269,0.146992654,-0.028936825,0.141924188,-0.115846902,-0.028936825,-0.028936825,-0.028936825,0.025269999,-0.060473866,-0.028806189
171,0.12502832,-0.033259389,-0.200782541,0.012907902,-0.033259389,-0.003008427,-0.033259389,0.026545516,0.053229351,-0.09628504,-0.033259389,-0.033259389,0.041086764,0.319908718,-0.071842308,-0.053231786,0.16084106,-0.026302361,-0.033259389,-0.053944339,-0.034594496
172,0.024454477,-0.064398935,0.043082224,0.05575445,0.024454477,0.07378476,0.024454477,0.024454477,-0.107221227,0.024454477,0.024454477,-0.246570048,-0.096262829,0.024454477,0.024454477,0.024454477,-0.053666041,0.137521176,0.082587047,-0.066946748,0.022245878
173,-0.016755821,0.17918702,-0.047724848,-0.199744346,-0.047048934,0.001662939,0.105225316,0.001662939,0.001662939,-0.0501667,0.001662939,0.109002954,-0.053528268,0.001662939,0.004502929,0.001662939,-0.116444772,0.082853356,0.001662939,0.037338606,0.001662939
174,0.053104666,-0.000644477,-0.05116021,-0.000644477,0.074226796,0.126884112,-0.000644477,0.163616642,0.105113052,-0.10686561,-0.019916644,-0.196747341,-0.030754913,-0.000644477,0.003462348,0.064834133,-0.000644477,-0.000644477,-0.000644477,-0.180736125,-0.000549568
175,-0.025231084,0.001100144,-0.15761832,0.001100144,0.001100144,0.129742488,0.001100144,0.001100144,0.001100144,0.134559264,-0.002697113,0.035484897,0.001100144,-0.117277588,-0.032069915,0.036730982,0.001100144,-0.050396375,0.001100144,0.03777132,0.001100144
176,-0.117506061,-0.128958645,-0.010137293,-0.010137293,-0.104268248,-0.181023702,0.09405568,-0.010137293,0.18473992,-0.029823703,-0.010137293,0.25354474,-0.010137293,-0.010137293,-0.010137293,-0.010137293,-0.04459197,0.009701628,0.136507839,0.018858163,-0.010137293
177,0.003265594,-0.061707969,0.003265594,0.003265594,0.154833021,0.003265594,0.003265594,0.003265594,0.160062659,-0.150042779,0.003265594,0.02772836,0.003265594,0.034593263,-0.056447568,0.003265594,0.003265594,-0.006707943,-0.090942029,-0.047290553,0.003265594
178,0.016194537,-0.057994913,-0.143979609,0.066894428,0.016194537,-0.108886323,0.000674637,0.016194537,-0.016233639,0.016194537,0.016194537,-0.077724029,0.05024855,0.016194537,0.016194537,0.016194537,0.052998464,0.10913902,-0.010145806,-0.005009709,0.010462634
179,0.014653459,-0.182854755,0.106893735,0.234465336,0.014653459,-0.089367493,-0.053643874,0.014653459,-0.048322002,0.014653459,0.014653459,0.058244799,-0.09455367,0.014653459,0.014653459,0.014653459,-0.151730007,0.031177087,0.043156255,0.014653459,0.014653459
180,-0.000113879,-0.00937836,-0.00937836,-0.00937836,-0.130216062,-0.03963954,-0.00937836,-0.00937836,-0.00937836,-0.00937836,0.188915237,0.017011249,-0.00937836,-0.00937836,-0.155915011,-0.00937836,-0.00937836,-0.00937836,-0.00937836,0.251255039,-0.00937836
181,0.008082137,0.025663482,0.132465067,-0.085373832,-0.14152794,0.025663482,0.04462456,-0.025191742,0.025663482,0.176014917,-0.078649672,0.118688553,0.025663482,0.025663482,-0.125585883,-0.047242599,0.025663482,0.025663482,-0.112075357,-0.069063581,0.025190994
182,0.107195161,-0.020006118,-0.092090361,-0.183336575,0.05690385,-0.038517843,0.078652952,-0.020006118,0.04584201,-0.124305998,-0.020006118,0.091127687,0.120747451,-0.020006118,-0.073430803,-0.020006118,-0.020006118,-0.020006118,0.042387074,0.135147599,-0.026279378
183,-0.07599988,-0.014628696,-0.092152814,-0.014628696,0.162741762,-0.014628696,-0.183654765,0.045168935,-0.014628696,0.035768498,-0.014628696,-0.014628696,-0.014628696,0.070142842,0.113480134,0.030747816,-0.014628696,-0.014628696,-0.014628696,0.054673122,-0.014628696
184,0.100960539,-0.017139088,-0.017139088,-0.017139088,-0.0484245,0.138745327,-0.017139088,0.176687957,0.041480757,-0.035051431,-0.100490649,0.012324134,-0.044339524,-0.057271234,-0.075978714,-0.017139088,-0.017139088,0.024357325,-0.017139088,0.006336332,-0.019362705
185,0.078011319,-0.019183578,0.113791757,-0.019183578,-0.019183578,0.044406873,-0.019183578,-0.019183578,-0.041083824,-0.104977225,-0.129872683,-0.07413122,-0.019183578,-0.082569354,0.059177814,0.139674625,-0.019183578,0.144747048,-0.019183578,0.025477072,-0.019183578
186,-0.109501403,-0.003291299,-0.003291299,-0.003291299,-0.070122351,-0.014323939,-0.003291299,0.09442666,-0.031583281,0.158087274,-0.034982242,0.106995323,0.034541086,0.027293755,-0.082658049,-0.003291299,-0.003291299,-0.024656065,-0.003291299,-0.02456417,-0.005913503
187,-0.034999282,-0.010085644,-0.004383663,0.231014014,0.066198737,-0.154530933,-0.008694531,-0.010085644,-0.071953623,-0.172308842,-0.010085644,0.129910354,0.109694636,-0.010085644,-0.052595919,-0.010085644,-0.010085644,-0.010085644,0.118841853,-0.078544282,-0.00704901
188,0.074819058,0.025705158,-0.000552948,-0.014085522,0.025705158,-0.161809863,0.025705158,-0.009375417,-0.077177203,0.025705158,0.025705158,0.025705158,-0.227185114,0.063786774,0.071887603,-0.00521069,0.054163443,0.025705158,0.025705158,0.003579497,0.02151912
189,-0.165277506,0.125603377,-0.174568817,0.051643778,0.044167189,-0.335456727,0.113578627,0.087585454,0.149114645,-0.072381609,0.02632533,0.02632533,0.005236482,0.02632533,0.02632533,0.02632533,0.02632533,0.043554967,0.02632533,-0.083337252,0.026260081
190,-0.044768146,0.001986996,-0.057567466,0.013760045,0.062581782,-0.110549975,0.155469605,0.001634107,0.005148596,0.001986996,0.001986996,0.001986996,0.065773191,0.001986996,0.001986996,0.001986996,-0.160846611,0.001986996,0.001986996,0.049043858,0.00243805
191,-0.097464468,-0.034476922,0.032631653,0.070341056,0.038745649,-0.108351001,-0.016297547,-0.034476922,0.109542196,0.046480179,-0.034476922,0.0923166,0.236917948,-0.034476922,0.056159595,-0.034476922,-0.034476922,-0.034476922,-0.017705598,-0.168356584,-0.03362122
192,0.008153705,-0.002511747,-0.075726332,-0.002511747,-0.002511747,-0.002511747,-0.002511747,0.056202533,0.020882576,-0.274378317,0.259695305,0.255142246,-0.002511747,-0.088805722,0.032594764,-0.166030974,-0.002511747,0.055435533,-0.002511747,-0.060559596,-0.002511747
193,0.004807549,0.004807549,0.123873444,0.004807549,0.004807549,0.004807549,0.004807549,0.004807549,0.004807549,0.004807549,-0.126188086,-0.048979094,0.004807549,-0.034092638,-0.02934071,0.073214228,0.004807549,0.004807549,0.004807549,-0.025792823,0.004807549
194,-0.091060448,0.0638932,-0.017213558,0.01583454,0.020205499,-0.056470909,-0.053822001,0.01583454,-0.098868627,0.113869722,0.01583454,-0.167611907,0.01583454,0.01583454,0.01583454,0.01583454,0.040555458,0.090535478,0.01632948,0.012982293,0.01583454
195,0.000691703,0.062392487,0.000691703,0.000691703,0.010910116,0.000691703,0.107971326,0.000691703,0.084413367,0.137806121,0.000691703,-0.060789175,0.000691703,0.000691703,-0.117182653,0.000691703,0.000691703,-0.05799559,-0.20187498,0.026740253,0.000691703
196,-0.131514034,-0.10426043,0.009333774,0.04592646,0.036020782,0.063716467,-0.004588734,-0.006690395,-0.04493902,0.089000953,-0.006690395,-0.006690395,-0.002273576,-0.006690395,-0.006690395,-0.006690395,-0.159269253,0.050239342,-0.006690395,0.204016089,-0.004576055
197,-0.170877176,-0.05333116,0.001130161,0.001130161,-0.017787867,0.163821279,0.001130161,0.206836033,0.001130161,-0.107245483,0.099496188,0.04393915,0.001130161,-0.103810893,0.016759378,0.001130161,0.001130161,0.001130161,0.001130161,-0.090045791,0.002074897
198,-0.105378983,0.005207596,0.179694885,0.157447939,-0.158668978,-0.116299351,-0.15526042,0.055429059,0.005207596,0.105723796,0.095430901,-0.021552886,0.005207596,0.005207596,-0.033807791,-0.023054799,0.005207596,0.005207596,0.005207596,-0.019548045,0.003391501
199,-0.029047157,0.124096385,-0.065567626,-0.027102067,-0.029047157,0.019781608,-0.009667527,-0.029047157,-0.004200622,-0.029047157,-0.029047157,0.019858848,-0.013405109,-0.029047157,-0.029047157,-0.029047157,0.062936357,0.059858953,0.057403167,0.035438938,-0.027054048
200,0.000704773,0.020050775,0.020050775,0.090508463,-0.140858016,0.020050775,-0.016131627,-0.144485343,0.096347382,0.026600394,0.045881604,-0.052985348,-0.108610194,0.020050775,0.078498249,-0.122336077,0.020050775,0.020050775,0.085552699,0.020957617,0.020050775
201,0.131144352,-0.039449447,0.120059185,-0.039449447,0.141080133,-0.027751094,-0.039449447,-0.012343911,-0.076044744,0.102325677,0.17039061,0.06601434,-0.092632495,-0.039449447,-0.144900136,-0.221746417,-0.039449447,-0.039449447,-0.039449447,0.156963394,-0.036412763
202,0.020203593,0.029598205,0.000890655,-0.104668508,-0.013448238,-0.007044471,0.065484739,-0.062783177,-0.050390521,0.010783177,0.010625808,0.010625808,-0.122202983,0.010625808,0.010625808,0.010625808,-0.092621118,0.060800574,0.010625808,0.193591976,0.008051249
203,0.070957035,0.020703027,-0.009367618,0.154419366,-0.082008991,-0.027557004,-0.009367618,-0.027896378,-0.009367618,-0.095755257,0.064155696,0.234426487,-0.009367618,-0.254421656,0.002119931,-0.009367618,-0.009367618,-0.009367618,-0.009367618,0.023917991,-0.008119306
204,0.009508059,0.078026025,-0.122519169,0.009508059,0.009508059,0.089800448,0.009508059,-0.128629817,0.009508059,0.009508059,-0.030420667,0.009508059,0.009508059,0.015084644,0.009508059,0.009508059,0.009508059,0.009508059,0.009508059,-0.033664835,0.008718603
205,-0.057210311,0.003940683,-0.090578395,0.003940683,0.003940683,-0.107314523,0.003940683,0.003940683,0.022671603,0.223025658,0.057649332,-0.036583418,0.003940683,-0.008652627,0.039180683,0.063116382,-0.063403976,-0.07149784,0.003940683,-0.001928033,0.003940683
206,0.053385228,-0.004565082,0.046271842,0.001141471,0.113833045,-0.004565082,-0.038443162,-0.004565082,-0.021605295,-0.076392657,-0.004565082,0.026918707,0.013696249,-0.004565082,0.031803943,-0.004565082,-0.004565082,-0.004565082,-0.113704994,-0.002565912,0.00218219
207,0.078211004,-0.118046319,0.001070138,0.001070138,-0.091719877,0.001070138,0.001070138,0.001070138,0.001070138,0.001070138,-0.07693583,-0.116642625,0.001070138,0.182356142,0.067875793,0.001070138,0.001070138,0.001070138,0.001070138,0.060989918,0.001070138
208,0.000473366,0.000473366,0.071178662,0.000473366,0.000473366,0.026692234,0.000473366,-0.011447728,0.08264385,0.000473366,0.092427251,0.000473366,-0.076905102,0.004552091,0.000473366,0.008810477,-0.17780509,0.000473366,0.000473366,-0.021445434,-0.003434874
209,-0.005859689,-0.005859689,-0.021385856,-0.108272866,-0.005859689,0.106215061,-0.005859689,0.199861504,-0.005859689,-0.005859689,-0.005859689,-0.005859689,-0.005859689,0.0710061,-0.005859689,-0.005859689,-0.006745507,-0.005859689,-0.160783266,-0.005859689,-0.003719214
210,-0.058081581,-0.074292942,-0.011930169,0.041627521,0.107924513,0.082103329,-0.011930169,-0.011930169,0.144867384,0.055712213,-0.011930169,-0.135067507,-0.147720107,-0.011930169,0.131795313,-0.011930169,-0.011930169,-0.006795757,0.058861,-0.10379042,-0.013631776
211,0.173416329,0.009361054,0.076389652,0.009361054,0.009361054,-0.051260339,0.009361054,0.009361054,-0.078137887,0.009361054,-0.000815767,0.02984787,0.009361054,-0.014344992,-0.17896659,0.030285179,0.013084937,-0.10257967,0.009361054,0.018831793,0.009361054
212,0.082710125,-0.039536318,-0.011553658,-0.011553658,0.045962789,-0.011553658,0.106462323,-0.011553658,0.052968238,0.052890455,-0.011553658,0.006527628,-0.011553658,-0.011553658,-0.011553658,-0.011553658,-0.275457649,-0.119114002,0.03930318,0.162819808,-0.011553658
213,-0.03072323,0.006658401,0.027035636,0.00038463,0.006658401,-0.085515327,-0.10070663,0.114865855,0.006658401,0.006658401,0.006658401,0.006658401,-0.094587684,0.148054482,0.006658401,0.006658401,0.006658401,0.006658401,0.006658401,-0.062691407,0.010641263
214,0.168870511,0.009684946,-0.105890178,0.009684946,-0.003532915,0.009684946,0.009684946,0.001457517,0.009684946,0.053255183,0.009684946,-0.152834114,0.150477438,0.076430204,-0.128878502,0.012515314,-0.061280137,-0.070230104,0.009684946,-0.018883472,0.010728631
215,-0.099997078,0.042055582,-0.044149505,0.121129941,0.088929358,0.075372455,-0.107037892,0.084322541,-0.060930038,0.02689285,-0.005864605,-0.005864605,-0.021341521,-0.005864605,-0.005864605,-0.005864605,-0.071243795,0.048897137,-0.005864605,-0.048067095,0.000354688
216,0.099858833,-0.048316342,0.031638264,-0.016615135,-0.011335406,0.050966255,0.027157944,0.136218103,0.136355431,-0.126428856,-0.013258453,-0.013258453,0.01709365,-0.013258453,-0.013258453,-0.013258453,-0.013258453,-0.093132974,-0.013258453,-0.096587816,-0.01406278
217,-0.010990184,-0.010990184,-0.038403409,-0.010990184,-0.010990184,-0.085757626,-0.010990184,-0.069284725,0.22543561,-0.010990184,0.110795803,-0.007902888,0.006157248,-0.091186223,-0.010990184,-0.010990184,-0.053413504,0.026658059,-0.010990184,0.082073926,-0.006260619
218,0.12427154,0.002568885,-0.004756009,-0.20860933,-0.015706513,-0.004756009,0.053203951,-0.004756009,-0.004756009,-0.039091263,-0.004756009,0.089903408,-0.064415468,-0.004756009,0.083255717,-0.054683487,-0.004756009,-0.004756009,-0.004756009,0.076862644,-0.004756009
219,-0.15393735,-0.00739559,0.067888927,0.137270956,-0.00739559,-0.066895817,-0.00739559,-0.102312943,0.084253106,-0.00739559,-0.00739559,-0.00739559,0.014282614,0.040951696,0.035185089,-0.102961093,0.018764529,-0.00739559,-0.00739559,0.081491434,0.005183567
220,0.118864526,-0.009683591,0.07343786,-0.128946929,-0.050116314,0.098064327,-0.025169804,0.044855432,-0.009683591,-0.069562831,-0.022265779,-0.122697526,-0.009683591,-0.009683591,-0.023727218,-0.062187924,-0.009683591,-0.009683591,0.222227064,0.016415551,-0.011088886
221,-0.020270216,0.005607703,0.142049037,0.005607703,-0.072033975,-0.041218834,0.005607703,-0.045162468,0.005607703,-0.02754743,0.02239611,-0.007883282,-0.05327982,0.005607703,0.126470371,-0.050127475,0.005607703,0.005607703,0.005607703,-0.024019353,0.005765712
222,-0.014143024,0.02038069,-0.052525549,0.02038069,0.033167533,-0.028903825,0.02038069,0.02251621,0.024472561,-0.038844805,0.061201075,-0.157284202,0.02038069,0.02038069,0.183576278,-0.125781369,0.02038069,0.02038069,0.02038069,-0.09546454,0.024968134
223,-0.01427016,0.003218992,0.11717958,0.115289063,0.003218992,-0.119345674,0.003218992,0.15100132,0.081156442,-0.008647523,-0.133945774,-0.055947257,0.016029197,0.000829731,-0.051272138,0.003218992,-0.043382969,-0.079771755,0.003218992,0.003218992,0.005783963
224,0.030598351,0.004408906,-0.049168239,0.004408906,0.165173352,0.004408906,0.004408906,-0.095423416,0.004408906,0.007861473,0.004408906,0.004408906,0.004408906,0.004408906,-0.021317492,-0.105279953,0.004408906,0.004408906,0.004408906,0.010240146,0.004408906
225,0.052328516,0.006707036,0.026198208,0.006707036,-0.088329863,0.006707036,-0.018144421,-0.082194491,0.006707036,0.023402914,0.057669068,0.051825923,0.006707036,0.006707036,-0.00030862,-0.080935917,0.006707036,0.006707036,0.006707036,-0.009085435,0.007210791
226,-0.033886557,0.089659619,0.040097779,0.002624135,-0.003390445,0.040190426,0.081066713,0.002624135,0.020208367,0.012606281,0.002624135,-0.005093823,0.002624135,0.002624135,0.002624135,0.002624135,0.041022308,-0.028156142,-0.108689381,-0.166628223,0.002624135
227,-0.017739071,0.001069092,0.001069092,0.001069092,0.059155876,-0.01512961,0.001069092,-0.015406482,0.116447627,-0.02261527,-0.151097723,-0.092445171,0.129692788,0.037657052,0.008044946,0.001069092,0.001069092,0.026252859,0.001069092,-0.072129962,0.001828497
228,0.005527269,0.005527269,0.019574748,-0.035944383,0.005527269,-0.018842802,0.005527269,-0.082306241,0.005527269,0.005527269,0.005527269,0.005527269,-0.055071638,0.005527269,0.140164671,0.005527269,0.005527269,0.005527269,0.005527269,-0.046629813,0.007200966
229,-0.065475529,0.004225745,0.004225745,0.004225745,0.004225745,-0.04949328,0.004225745,0.004225745,0.004225745,-0.021880794,0.076689262,0.078075931,0.004225745,-0.054514685,0.029764698,-0.050550811,0.004225745,0.004225745,0.004225745,0.006676267,0.004225745
230,-0.013521844,-0.013521844,0.078777641,-0.013521844,-0.013521844,-0.014335061,-0.013521844,-0.024380925,-0.004267157,-0.013521844,-0.013521844,-0.039610202,-0.013521844,0.033586412,-0.013521844,-0.013521844,0.059038823,0.085347088,-0.013521844,-0.013521844,-0.011894497
231,0.009412122,0.074950067,-0.133463944,-0.060828616,0.026882641,0.086348766,-0.015258723,0.046980668,-0.125435302,-0.143480098,0.009412122,0.009412122,0.080928499,0.009412122,0.009412122,0.009412122,0.009412122,0.020540126,0.009412122,0.055979867,0.010559077
232,-0.010971848,-0.055503038,-0.010971848,-0.010971848,-0.04201227,-0.010971848,-0.000106378,-0.010971848,-0.0451476,-0.029545607,0.125530153,-0.072546191,-0.010971848,0.003386895,0.184163189,-0.001893018,-0.010971848,-0.076132758,-0.077570677,0.175152083,-0.010971848