,pos,val_*,val_A,val_C,val_D,val_E,val_F,val_G,val_H,val_I,val_K,val_L,val_M,val_N,val_P,val_Q,val_R,val_S,val_T,val_V,val_W,val_Y
0,0,0.017128905,-0.209318259,-0.134702517,-0.059435268,0.017128905,0.350646879,0.107965294,-0.36715573,-0.196341166,0.017128905,0.346091734,0.017128905,0.017128905,-0.174747679,0.017128905,0.017128905,-0.258557593,0.017128905,0.313952909,0.128869763,0.015700391
1,1,0.254156586,-0.021206165,-0.021206165,-0.021206165,-0.130165862,-0.079344596,-0.021206165,-0.221928654,0.057852802,0.036741704,0.468467321,0.156513623,-0.13388301,0.189166253,0.156378275,-0.230324055,-0.021206165,0.231692932,-0.154518786,-0.456213645,-0.038560065
2,2,0.085050783,0.085050783,-0.042856896,0.085050783,0.085050783,0.151179572,0.085050783,-0.264319038,-0.531397399,0.085050783,0.011318482,0.065750622,-0.072035935,0.504440739,-0.373200306,0.065348198,-0.25936334,0.0903961,0.085050783,-0.02583764,0.085221361
3,3,0.062934671,0.062934671,0.081494723,0.062934671,0.062934671,0.046102927,0.062934671,0.080540047,0.047080715,0.062934671,-0.133078363,-0.373208656,0.275357035,-0.056582419,0.062934671,-0.230189346,0.248177081,-0.331293791,0.062934671,-0.2196423,0.061764979
4,4,-0.008676997,0.211275632,-0.04673633,-0.117722045,0.64386941,-0.435464709,-0.013849952,0.013169868,-0.004622043,-0.514596673,0.018080101,0.018080101,-0.212818983,0.018080101,0.018080101,0.018080101,0.018080101,0.058706539,0.018080101,0.281986762,0.018918813
5,5,-0.303038436,0.323551626,0.014871533,0.014871533,-0.033528368,0.014871533,0.158662147,0.014871533,0.014871533,-0.176211852,0.014871533,0.032575745,0.149768893,0.014871533,-0.162401063,-0.146833439,0.014871533,0.014871533,0.014871533,-0.006132115,0.014871533
6,6,0.08605775,-0.064714815,-0.388938109,-0.210640156,-0.323459252,0.544117676,0.425279335,-0.19226088,-0.064714815,0.254529516,0.051264029,0.143311496,0.371337263,-0.064714815,0.291072826,-0.226849453,-0.064714815,-0.064714815,-0.149442549,-0.302582404,-0.049223012
7,7,0.020676028,0.109006817,0.00644367,-0.513734056,0.012654788,-0.598341978,0.012654788,-0.233148683,-0.719069938,-0.412627096,0.115421798,0.558336644,0.265096878,-0.111210682,0.205653256,0.012654788,0.777782673,0.452511705,0.012654788,0.012654788,0.013929025
8,8,0.213973607,-0.052185496,0.201319091,-0.368886885,-0.052185496,-0.120470435,-0.052185496,-0.300345786,0.336214328,-0.090720813,-0.052185496,-0.052185496,-0.274130135,-0.128038013,0.400434841,0.208484017,0.19403131,-0.052185496,-0.052185496,0.150059471,-0.05662613
9,9,0.022509745,0.028842936,-0.166586762,-0.078938652,0.028842936,-0.169732555,0.028842936,0.095324994,0.151587961,0.218803773,0.028842936,0.028842936,-0.475034937,-0.2531367,0.013003305,0.060875505,0.084216315,0.09008122,0.028842936,0.280434879,-0.046465706
10,10,-0.126701615,-0.076928947,0.130110498,0.294896136,0.039033881,0.178316142,-0.433828856,-0.076928947,0.426717966,0.597297552,-0.076928947,-0.018422417,-0.192962336,-0.076928947,-0.353271743,-0.076928947,-0.076928947,-0.076928947,0.10701297,-0.032027937,-0.077667611
11,11,-0.163302481,-0.015353629,-0.250101619,-0.015353629,-0.278632976,-0.015353629,0.212350642,-0.081184453,-0.015353629,0.023227621,-0.015353629,-0.334944601,-0.015353629,0.91718368,0.174744927,0.340690031,-0.015353629,-0.015353629,-0.015353629,-0.406494483,-0.015353629
12,12,-1.207821806,-0.140774254,0.217418265,-0.158068195,-0.352474818,0.133349304,-0.356324393,0.080213422,0.021228379,-0.016026003,0.054876384,0.054876384,-0.374986237,0.054876384,0.054876384,0.054876384,0.816083248,0.709695601,0.054876384,0.240890028,0.058339158
13,13,-0.341437121,-0.046929325,-0.59998753,-0.046929325,0.148645901,-0.046929325,-0.046929325,-0.53119923,-0.046929325,-0.021385354,0.14695062,0.334147622,0.237863557,-0.215170525,-0.012453801,-0.314247347,-0.246224341,1.221024981,-0.046929325,0.525460368,-0.050411849
14,14,0.003625171,0.003625171,-0.734305777,0.003625171,0.003625171,0.087522032,0.003625171,-0.3250441,-0.355204394,0.003625171,0.105833063,0.150707727,0.09926545,-0.145127841,0.003625171,0.003625171,-0.073812651,0.694133033,0.003625171,0.457294332,0.006112583
15,15,0.354048664,0.647269723,-0.121329372,0.095160477,-0.473386767,0.002026198,0.268306163,-0.032214802,-0.155930161,0.5919698,-0.018519927,-0.018519927,-0.193502597,-0.018519927,-0.018519927,-0.018519927,-0.018519927,0.061361506,-0.018519927,-0.897457095,-0.016682254
16,16,0.177236294,-0.090842351,0.079883966,-0.090842351,-0.090842351,-0.277634036,-0.090842351,-0.090842351,-0.33774677,0.022359094,-0.156131423,0.408236821,-0.090842351,-0.22974991,0.744885524,-0.322428011,0.403049992,0.205557168,-0.090842351,0.009220101,-0.090842351
17,17,-0.268488975,0.050648732,0.050648732,0.050648732,-0.536699577,0.006275321,0.050648732,0.232834089,0.45118551,-0.304208697,0.859006374,0.481753184,-0.346359572,0.236144011,-0.668514884,0.050648732,0.050648732,0.04993205,0.050648732,-0.595533456,0.048133499
18,18,0.451232507,-0.001827516,0.579894677,-0.001827516,-0.001827516,-0.550590184,-0.001827516,-0.001827516,-0.33477484,0.058962493,0.084261778,-0.433042893,-0.001827516,-0.024190493,0.261357588,0.800158821,-1.191324392,-0.090283076,-0.001827516,0.40295814,-0.001827516
19,19,0.339739037,-0.01936274,1.256296708,0.446725674,-0.01936274,0.313209487,-0.01936274,0.208664318,-0.01936274,0.400709303,-0.01936274,0.420352024,1.160565209,-1.05200875,-0.97287751,-0.122914498,-0.339056041,-1.088068129,-0.01936274,-0.834800055,-0.02036034
20,20,-0.217947043,-0.305414287,-1.011853429,0.028327659,0.156821637,0.028327659,-0.345928735,0.028327659,0.028327659,0.028327659,-1.102640892,0.010191149,0.028327659,0.376737056,0.999163499,-0.094980468,0.028327659,0.028327659,0.478639127,0.802263452,0.028327659
21,21,0.307750762,0.037434883,0.037434883,0.037434883,-0.101762362,0.914572731,0.037434883,-0.90655836,-0.690881171,-0.513332835,-0.574543921,-0.050726136,-0.064310648,-0.529833424,0.468933683,0.037434883,0.037434883,0.154256005,0.037434883,1.301390135,0.023001358
22,22,-0.382077998,-0.969252614,-0.158788359,0.248801432,1.082289631,-0.246595338,-0.470819999,0.027499752,0.130539168,0.443604113,0.027499752,-0.035886322,0.027499752,0.027499752,0.027499752,0.027499752,0.618741405,-0.239014358,0.254521026,-0.468560049,0.027499752
23,23,-0.159277337,-0.373662209,-0.301888451,-0.313797746,0.019213118,0.958162341,0.019213118,-1.250003578,-0.162918282,0.019213118,0.212256042,0.019213118,0.019213118,0.764986703,0.019213118,0.019213118,0.864996167,0.019213118,-0.906280159,0.492838619,0.020882943
24,24,0.193109093,-0.271625067,0.151766538,-0.569461247,-0.455890239,0.151766538,-0.562368799,0.151766538,0.151766538,-0.360123273,0.151766538,-0.376764052,0.51633523,0.61974741,0.661415539,0.723109443,0.151766538,-1.041759007,0.151766538,-0.289857339,0.151766538
25,25,0.060031923,1.151860103,0.060031923,-0.343888906,-0.864837862,-1.371167296,0.060031923,0.693174639,0.060031923,0.253290861,-0.986266933,0.585034933,0.060031923,-0.046775499,-0.502512736,0.060031923,0.060031923,0.060031923,0.769828383,0.158201797,0.023803132
26,26,-0.159277902,-0.029474059,1.489610882,-0.227262557,-0.029474059,-0.13346294,-0.029474059,0.049137516,-1.052388938,-0.077118204,-0.029474059,-0.029474059,1.083345331,-0.579168182,0.8589179,-0.471715739,-0.514404093,0.519372721,-0.029474059,-0.577599576,-0.031141863
27,27,0.383442197,-0.02355176,-0.02355176,-0.458374187,0.169627505,-0.02355176,-0.622838457,0.01172752,-0.806414089,0.443337717,-0.76500549,0.014388002,-0.436873638,-0.02355176,0.838133051,0.835555603,-0.02355176,-0.02355176,0.77019034,-0.212033755,-0.02355176
28,28,-0.782034804,0.041366493,0.041366493,0.041366493,0.637931661,-0.178162342,0.041366493,0.523120438,-0.158436144,-0.280646091,-0.799435805,0.689073328,0.301835108,-0.018044116,-0.329040171,0.041366493,0.041366493,-0.55345988,0.041366493,0.608766967,0.048966399
29,29,0.055783119,0.055783119,1.143875902,0.055783119,0.055783119,-0.163402296,0.055783119,0.493720057,0.355026032,0.055783119,0.319427581,-0.180339962,-0.473687424,-0.310216011,0.055783119,-0.658214331,0.132627426,-0.105923834,0.055783119,-1.048773461,0.049615366
30,30,-0.658072447,-0.013379445,-0.013379445,-0.013379445,1.319727629,0.563527736,-0.013379445,-0.062051363,0.369246517,0.493939847,0.051922329,-0.625228956,-1.164783368,-0.518529757,-0.231894836,-0.013379445,-0.013379445,0.394489744,-0.013379445,0.193803053,-0.03244001
31,31,-0.259064868,-0.259064868,-0.211544403,-0.259064868,-0.259064868,-1.343951972,-0.259064868,1.221415598,-0.46178219,-0.259064868,1.745655291,0.125981874,0.635087853,0.195120391,-0.259064868,0.600381721,0.364185781,-0.125927053,-0.259064868,-0.436191267,-0.235912682
32,32,0.37686796,0.217734768,0.217734768,0.217734768,0.358946798,-0.094755155,0.217734768,0.167237548,-0.375762808,2.780157211,-0.070501674,-1.098897455,-0.448254568,-0.9556272,-0.437515452,0.217734768,0.217734768,-0.319639668,0.217734768,-1.606492744,0.200093834
33,33,0.079916195,-0.180657401,-0.489137099,-0.180657401,-0.180657401,-0.262696005,-0.180657401,-0.180657401,-0.641838602,-0.368284174,0.249245174,0.082654718,-0.180657401,0.692970876,0.827313273,-0.036152205,0.116910307,1.843633482,-0.180657401,-0.649276732,-0.180657401
34,34,-0.894700716,0.012379244,0.133931019,0.012379244,0.52822251,0.689958413,0.012379244,1.109611072,-0.946945522,0.652257162,0.80952349,-0.192420616,-0.613427838,0.012379244,-0.699843468,-0.420143293,0.047599432,0.012379244,0.012379244,-0.279783541,0.001886429
35,35,0.272509028,0.030235969,-0.309550872,-0.475787368,0.62941043,0.090950309,-0.047311436,-0.263803646,0.030235969,-0.698740036,0.656037124,-0.219582098,0.030235969,0.030235969,0.744877192,0.390545199,0.030235969,0.030235969,0.555033029,-1.515269257,0.009266587
36,36,-0.048309627,0.287471611,-0.048309627,-0.048309627,-0.406017982,-0.048309627,-1.128870285,-0.048309627,0.040114176,-0.154351533,-0.048309627,-1.15999859,-0.048309627,1.628592901,0.701999713,0.370474884,-0.048309627,-0.048309627,0.351990999,-0.048309627,-0.048309627
37,37,-0.906200545,0.109222828,0.109222828,0.109222828,1.06681937,0.285791999,0.109222828,0.206494615,-0.519454013,0.040539449,-0.451864184,-0.425084469,1.012091455,0.369901334,-0.82378401,-0.692127791,0.109222828,0.583725099,0.109222828,-0.527262301,0.125077024
38,38,-0.658072613,1.030084833,0.264699911,-0.448800073,0.019848915,0.295257862,0.20044978,-0.683235373,1.179294112,0.019848915,0.019848915,0.019848915,0.019848915,-0.656629194,0.019848915,0.019848915,2.001150329,0.019848915,-1.700833088,-0.998190597,0.016032789
39,39,1.458685078,-0.734016258,-0.534703481,1.09684926,-0.986555272,0.135980462,0.46805761,-0.60037481,0.726144175,-0.304967369,-0.288345932,-0.288345932,1.272707382,-0.288345932,-0.288345932,-0.288345932,-0.288345932,-0.122786537,-0.288345932,0.438160569,-0.29475928
40,40,2.419479472,-0.118349316,0.478425837,-0.997697522,-0.306121894,0.05839327,-1.490373089,-1.093497465,-0.118349316,-1.21798291,0.427475139,0.573213255,-0.772227731,-0.118349316,1.599469463,1.739909211,-0.118349316,-0.118349316,-0.170565883,-0.548004135,-0.108148439
41,41,0.26221364,0.075023728,-0.292113386,-1.110969768,0.416579523,-1.020382953,0.80973825,0.623163306,-0.853567,-0.033449598,0.130075797,0.130075797,0.578400315,0.130075797,0.130075797,0.130075797,1.832615871,-0.927010617,0.130075797,-1.266596386,0.125900291
42,42,0.144375461,0.566088452,-0.100454306,1.558742724,0.144375461,-1.09999975,0.144375461,0.173925522,0.440164017,0.144375461,-0.301536436,0.144375461,0.144375461,-1.944035303,0.144375461,0.144375461,-0.718937558,0.144375461,-0.285191748,0.26362844,0.148226799
43,43,-1.997082675,0.01863271,0.18766055,0.924687051,1.412636745,0.18766055,0.578190817,-1.370176503,0.18766055,0.234122675,0.18766055,-0.911271,0.52784558,0.18766055,-0.048579362,-0.443841577,0.18766055,0.39394267,0.18766055,-0.820391536,0.18766055
44,44,0.770887413,-0.033852191,0.796814128,-1.785527204,0.393119658,-0.033852191,-2.024985098,1.113160533,-0.033852191,1.633010748,-0.033852191,-1.259848916,-0.033852191,-0.261638555,0.732131628,0.003991976,-0.033852191,-0.033852191,-0.033852191,0.194637945,-0.03493673
45,45,0.15130202,1.266239409,0.15130202,1.140204803,-0.140245207,0.15130202,0.15130202,-1.458033048,-1.423206311,1.526083628,-0.560365851,-1.248985031,-0.947205517,-0.974639259,1.918705625,0.15130202,0.15130202,-0.927573935,0.618604536,0.15130202,0.15130202
46,46,0.313637368,-0.187308298,-0.461968631,1.586730225,-1.012199122,-0.187308298,-1.211292034,-0.045597357,-0.187308298,3.201257631,0.562214609,0.556887069,-0.187308298,-0.187308298,-1.139438723,-0.036169019,-0.187308298,-0.187308298,0.359909854,-1.189161434,-0.17365235
47,47,-1.25175638,-0.144826759,2.058916839,0.942853481,0.718295503,-1.692957501,-0.45714719,-0.524749665,-0.144826759,-0.953542539,0.304873891,0.70211272,-0.144826759,-0.144826759,0.991061009,0.854850294,-0.144826759,-0.144826759,-0.628102455,-0.046991074,-0.148756376
48,48,-0.08707241,0.001193669,0.001193669,0.001193669,0.930699689,-0.504414334,0.001193669,-0.288751522,-0.485300379,0.034892258,-1.078451467,-0.187211236,0.048995706,0.127324722,1.690302359,0.001193669,0.001193669,-1.125215606,0.001193669,0.909646601,0.006199934
49,49,0.320216641,-0.186699308,1.531326847,0.891732101,-0.02517965,0.642925457,-0.02517965,-0.056030284,-1.149369396,-0.02517965,-0.02517965,-0.02517965,-0.02517965,-0.418175517,-0.02517965,-0.02517965,0.442330939,-0.02517965,-0.315269229,-1.457844734,-0.018526664
50,50,0.852235652,-0.441967012,0.213847625,1.096631443,-0.765892325,0.367780923,0.135727234,0.808744101,-1.539777082,-0.90953656,0.002212227,0.002212227,-0.377364114,0.002212227,0.002212227,0.002212227,0.002212227,0.321848877,0.002212227,0.223588316,-0.001352665
51,51,-2.4046538,0.150970231,0.054642849,-0.710574328,0.736612301,0.669823344,0.639874402,0.150970231,0.591278588,1.484123635,0.150970231,-1.118022252,-0.004883713,0.150970231,0.40039626,0.150970231,0.150970231,0.150970231,-1.140117152,-0.414628725,0.159336971
52,52,0.535904789,0.234354454,-3.257615735,2.493963964,0.234354454,0.486627034,0.234354454,-1.049509421,0.293859861,1.396985399,0.234354454,0.234354454,-1.508722984,-0.07918467,-0.486682053,0.949937294,-1.832304111,0.18946169,0.234354454,0.227615656,0.233536563
53,53,0.859437143,-0.37217673,0.138653078,1.207497719,0.744227491,-0.37217673,-2.030056704,-0.37217673,0.519997398,0.497974556,-0.37217673,-0.561392577,0.772656811,-0.37217673,1.196000713,-0.37217673,-0.37217673,-0.37217673,-0.977394914,0.988729993,-0.378916866
54,54,0.189096832,0.762749259,0.189096832,0.201047384,-0.840107942,-1.108500257,0.189096832,-1.571142585,-1.062512582,-1.089543232,0.189096832,1.373106974,0.550792561,-1.067388405,-0.437848362,0.189096832,1.375713544,-0.285992075,1.873508609,0.189096832,0.19153612
55,55,-0.439223133,-0.158297533,1.359491617,0.482674871,0.293810071,-0.395246181,0.449962799,-0.158297533,-2.742603785,0.785779861,-0.158297533,0.271141466,1.038578022,-0.158297533,0.460585396,-0.158297533,-0.158297533,-0.158297533,-0.006556957,-0.268155586,-0.182155731
56,56,0.718048656,0.05461961,-1.516854688,-0.980803962,-0.566904707,0.882370083,-0.998636693,-0.421004892,0.05461961,2.15131513,0.584400242,1.637343099,0.05461961,0.05461961,0.298620239,1.790214644,0.05461961,0.05461961,-1.12742402,-2.82148414,0.04308335
57,57,-0.230856243,-0.016379544,0.007030641,-1.490985251,0.541754085,-0.016379544,1.204387813,-0.016379544,-0.016379544,0.076614126,-0.016379544,0.136369261,1.047348549,-0.016379544,0.437670614,-0.016379544,-0.016379544,-0.016379544,-0.016379544,-1.558835991,-0.00670216
58,58,0.004390334,-0.239222846,-0.101693616,-1.19648378,-0.239222846,0.278364529,-0.239222846,1.344423826,0.669422662,2.741438051,-0.239222846,-0.239222846,1.022079062,1.578079166,-2.654290446,-0.652630238,-0.285779609,-0.25012246,-0.239222846,-0.818657329,-0.243203077
59,59,-0.41531784,0.220352294,-1.175381759,-2.104955777,-1.575319648,-1.029211733,-2.662396538,-0.605299064,0.220352294,0.549264877,-1.01326985,0.852310694,0.220352294,0.220352294,1.861533147,0.752197462,0.220352294,0.220352294,3.124754796,1.898688558,0.220288911
60,60,1.904565145,0.153368441,0.168251688,0.099479854,-0.89466943,-0.665609687,-0.435351429,1.104929535,0.153368441,-1.322280805,-0.644215685,0.656156367,0.153368441,0.153368441,-0.258593982,0.633451814,0.153368441,0.153368441,0.604901001,-2.048588155,0.177363123
61,61,-0.917346706,0.994630149,0.90085596,0.213821039,-1.97970792,-0.954218378,0.936843896,-2.817284865,0.193015807,2.048765375,0.06732327,0.06732327,0.490470134,0.06732327,0.06732327,0.06732327,-0.080159457,0.747686706,0.06732327,-0.241776908,0.060465545
62,62,-0.09148183,-0.09148183,0.775209744,-2.33272309,1.982904364,-0.635967366,2.397774647,1.701235151,0.340049761,-0.76907398,-0.09148183,-0.783235716,-3.337256783,-0.09148183,2.131619529,-0.884998401,-0.09148183,-0.09148183,0.623782562,-0.569596798,-0.090832642
63,63,-0.155477044,-0.922322171,-0.155477044,-0.155477044,1.841276524,-0.155477044,2.13999643,-0.155477044,-0.155477044,1.0951381,-0.155477044,-1.810389104,-0.155477044,2.323804746,1.399497253,-1.902312816,-0.155477044,-1.019860533,-1.00312907,-0.586928916,-0.155477044
64,64,1.885151683,0.392396474,0.392396474,0.392396474,0.749323369,0.842032871,0.392396474,-0.715454149,-0.827484578,-1.537967706,-0.487517521,-1.471707354,0.992790122,-0.706405661,-0.527689896,0.392396474,0.392396474,-2.580311945,0.392396474,1.246386408,0.392079036
65,65,-1.312940281,-0.081884828,2.203288231,-1.03252866,-0.081884828,-1.023212921,-0.081884828,0.221046952,-0.804107503,-0.081884828,-0.081884828,-0.081884828,3.543717571,0.779322792,-1.112208219,-0.081884828,0.339759326,-0.790721193,-0.081884828,-0.288017527,-0.068319945
66,66,-0.05685922,-1.640735842,-0.684710267,-1.23791406,-1.056185113,1.256593242,1.375759881,-0.05685922,0.140137471,-0.05685922,-0.05685922,2.514340097,0.783647297,-0.05685922,-0.05685922,-0.05685922,0.440274649,-0.087213138,-2.096188457,0.746245021,-0.05603624
67,67,-0.025746911,-0.251794288,-0.025746911,-0.216773377,-2.501711321,-0.025746911,-0.025746911,1.301221639,0.98997312,-2.263881862,1.518586355,1.345909661,-0.533919824,-0.26162706,0.806403534,-0.025746911,-0.025746911,0.902078808,-0.628490099,-0.025746911,-0.025746911
68,68,0.570920778,-0.735016555,-0.300148811,-0.300148811,-0.609335818,-0.300148811,1.353675459,0.753754449,-0.300148811,-1.638909529,-0.300148811,1.420906674,0.75011199,-0.300148811,2.204733798,-0.910028176,-0.300148811,-2.31712026,-0.300148811,1.857646491,-0.300148811
69,69,-1.835845604,1.947611987,0.019200969,-1.065779306,2.417176244,-0.599765197,0.019200969,1.583678526,0.019200969,-1.226789278,1.805312907,1.472720792,0.019200969,-2.994251929,-1.913343025,0.019200969,0.019200969,0.019200969,-0.795817711,1.043861859,0.026822955
70,70,2.166806359,0.244799646,-0.329822913,-1.953401775,1.023943511,-0.344625674,-0.329822913,-0.329822913,0.392983421,3.104245369,-0.329822913,1.635001531,0.174909375,-0.329822913,-2.518313039,-0.329822913,-0.329822913,2.01159594,-2.990827914,-0.211040844,-0.427315511
71,71,-0.078423034,-0.103432904,-0.078423034,-0.078423034,-1.287920939,-0.078423034,-0.078423034,-0.078423034,-0.998221965,-0.793765469,-0.078423034,0.046243216,-0.078423034,0.260903513,-0.11217131,-0.078423034,-0.078423034,0.859836505,2.63243726,0.358745469,-0.078423034
72,72,-0.751106533,-0.595889441,-2.096885877,1.789847904,3.041676282,0.43450525,-0.984048031,-0.595889441,-0.797460821,1.696849984,-0.595889441,0.511356143,2.588020327,-0.595889441,0.435059608,-0.595889441,-0.595889441,-0.595889441,-0.823103255,-0.254066322,-0.619418573
73,73,0.517953454,0.026400516,1.760815238,0.026400516,0.026400516,-1.6192797,0.026400516,0.026400516,-1.114431463,1.388368983,0.513485851,1.0970107,0.026400516,2.769513615,-1.722050276,-1.200871794,-0.94993132,-0.863176861,0.026400516,-0.788610558,0.026400516
74,74,-1.634089494,-1.632311024,0.291035243,-0.08562153,-0.768809212,0.097943435,-1.038151186,-0.08562153,1.82444462,0.221006437,-0.08562153,1.32320728,-0.08562153,-0.08562153,0.709121582,-0.08562153,-0.559332001,0.594554508,3.01473704,-1.844006517,-0.08562153
75,75,-0.546041425,-0.190186521,-1.022017207,0.780319479,-0.190186521,-1.071247467,-0.190186521,-0.502960406,-0.190186521,-0.190186521,-0.190186521,-0.190186521,-0.720142386,0.572878952,1.677109436,-0.190186521,1.058648821,-0.190186521,-0.190186521,1.863557526,-0.188240114
76,76,-0.093447871,-2.484279925,0.625890301,1.053829208,-0.093447871,2.113314319,-0.093447871,-2.149744125,1.422710822,-0.093447871,0.564387403,-0.093447871,-0.093447871,0.200535373,-0.093447871,-0.093447871,-1.095505842,-0.093447871,-0.046190748,0.729531923,-0.093447871
77,77,0.249189658,-1.930232267,-2.103177535,-1.018796657,0.249189658,1.137362942,0.322745245,0.249189658,-0.373465541,0.249189658,0.249189658,-0.934712939,1.310140147,0.249189658,0.249189658,0.249189658,0.432576662,-1.646840504,0.775469818,1.79122479,0.244188575
78,78,1.22681552,0.377554329,0.355281165,0.355281165,-0.715322597,-1.380612689,-0.256936289,0.355281165,0.65675246,0.025104953,0.355281165,-3.043131037,0.355281165,0.355281165,0.355281165,0.355281165,1.288687119,-1.605419666,-0.307836705,0.53681412,0.355281165
79,79,-0.352421452,0.00346009,0.817814663,0.00346009,0.00346009,-2.25271065,0.00346009,0.00346009,1.908867296,-0.563519577,-0.089941832,0.863271937,0.00346009,0.432733085,-0.415252672,-1.236482902,0.692243151,0.259261547,0.00346009,-0.091543316,0.00346009
80,80,-0.03554805,-1.333840432,0.038071547,-1.006572977,0.611658479,0.038071547,1.451766578,-0.152527748,0.038071547,-1.232998292,0.038071547,-0.955586429,1.181243729,0.038071547,0.578267721,0.038071547,0.038071547,1.94736602,0.038071547,-1.395872518,0.038071547
81,81,1.778608395,-2.931695916,-0.292135162,-0.292135162,-0.886727461,-0.292135162,1.331787904,1.214112055,-0.292135162,0.433624965,-0.292135162,1.771897796,0.082344534,-0.292135162,1.203760041,-2.422840207,-0.292135162,0.802924909,-0.292135162,0.251419445,-0.292135162
82,82,-0.127729809,0.76245741,-2.027283266,-0.332620403,-0.127729809,2.068457157,-0.127729809,0.940676113,1.448404031,-0.127729809,-3.22001565,-0.127729809,-0.127729809,0.589047369,-0.127729809,-0.127729809,1.307629317,-0.127729809,-0.127729809,-0.127729809,-0.131724178
83,83,-0.765094047,0.158065002,0.158065002,0.126183619,1.084603939,0.158065002,1.844948798,-0.503817768,-2.24751179,1.030147772,-1.911113164,-0.045764644,-0.539683845,0.158065002,2.89657275,-2.834442965,0.158065002,0.158065002,1.139204867,-0.380688536,0.158065002
84,84,0.558425632,0.179258887,0.861847268,0.179258887,0.874207395,0.621138951,0.179258887,-1.968756928,0.13307256,-2.807160533,0.186756355,-2.78211986,-0.319298824,0.179258887,0.552643576,3.149167362,0.179258887,0.179258887,0.179258887,-0.48023215,0.16549699
85,85,-1.380828343,-1.042775414,0.644651618,-0.331688928,-0.338615938,-1.026677008,0.682478917,1.507376244,-0.338615938,-0.338615938,-0.338615938,-0.338615938,1.716683132,0.948859799,0.172104693,-0.338615938,-0.338615938,-0.338615938,-0.338615938,1.456385334,-0.299026604
86,86,1.038642821,-0.358744838,0.156970527,0.58245045,-0.301949094,2.559186968,1.280064687,-0.358744838,-0.739826354,-1.07406802,-0.358744838,-0.820053506,1.820374033,-0.358744838,-0.725023204,-0.358744838,-0.358744838,-0.358744838,-0.146838068,-0.765661941,-0.353055435
87,87,-0.046792863,-0.046792863,0.497598384,-0.046792863,-0.046792863,-0.89206453,-0.046792863,-1.66920901,1.660709135,-0.046792863,-0.588126225,0.696349494,-3.064927396,-1.292660606,-0.046792863,-0.046792863,-0.438166356,2.043992115,-0.046792863,3.507688383,-0.040047619
88,88,-0.049800206,0.199601433,0.199601433,0.199601433,0.053778629,-0.545834078,0.199601433,0.221993432,-1.454315885,-0.419080036,-0.18562233,1.537030535,1.770777893,-1.480241856,1.516385095,0.199601433,0.199601433,0.736698243,0.199601433,-3.359036869,0.2600574
89,89,-0.099619085,0.972221563,-0.099619085,-0.099619085,1.333954452,-0.099619085,-2.402050847,-0.099619085,-0.600217665,1.266985368,0.52971635,0.599541851,-0.099619085,-2.00982223,-1.084423383,-0.099619085,-0.099619085,0.291268975,2.684177739,-0.684780413,-0.099619085
90,90,-0.044783677,0.068235282,2.230303416,0.068235282,0.956408576,0.068235282,0.068235282,-1.924626312,0.068235282,-0.680541298,0.068235282,-0.291720672,-0.4567931,0.311240729,-1.880188369,-1.27438741,3.681615653,-0.672029977,0.068235282,-0.389155217,-0.04298932
91,91,0.070659395,1.553985287,0.05276681,0.341148654,1.933268416,2.274420419,-1.374886436,0.070659395,2.246823446,0.070659395,0.070659395,-1.419722097,0.51774844,0.070659395,0.070659395,0.070659395,-2.516663664,-3.258735696,0.025482677,-0.937586732,0.067334708
92,92,0.00365271,0.00365271,-2.380880224,0.00365271,0.00365271,0.746658303,0.00365271,1.744696842,1.677853173,0.00365271,-1.957194105,1.015545137,-2.046307784,-0.900296693,0.00365271,0.00365271,1.232150128,0.043802871,0.00365271,0.774804929,0.016293029
93,93,-0.368399611,-0.559126584,0.126448811,-0.942345998,-1.520610849,-0.464279347,0.126448811,0.126448811,0.84019777,0.273533077,0.126448811,1.758415922,0.425164086,0.126448811,1.769387219,0.126448811,0.126448811,-1.684204498,0.074051841,-0.611940254,0.125015551
94,94,-0.389174884,-0.097795482,1.543263773,0.645007037,1.789862986,-1.399383127,-1.371288549,-0.234556093,-0.097795482,2.766253034,-1.107910668,-4.573405263,-0.097795482,-0.097795482,1.235797945,-0.436247621,-0.097795482,-0.097795482,1.115045,1.073255704,-0.069746383
95,95,0.154405141,-0.294549714,1.85351968,2.047551968,-1.144336024,-0.294549714,-0.276973903,0.650313907,-0.294549714,-0.667615365,-0.294549714,-0.58533995,-0.294549714,0.976624345,-0.677361305,-1.237900695,-0.294549714,-0.294549714,-0.294549714,1.551162792,-0.287652876
96,96,0.308006659,-0.485652427,-0.272207374,-0.059543986,2.052856369,-0.272207374,-0.391483405,1.714061887,-0.272207374,1.580545343,-0.272207374,0.867819576,-1.582618759,-0.272207374,0.68782749,-1.54659734,-0.272207374,2.883146785,-0.272207374,-3.850709198,-0.272207374
97,97,-0.042654402,0.774630922,0.022790835,0.48742067,-1.827614786,0.022790835,1.221237907,1.066052764,0.022790835,-1.145887105,0.022790835,-0.433622946,0.022790835,0.022790835,-0.347089209,-0.013617211,0.022790835,0.022790835,0.022790835,0.033235045,0.022790835
98,98,-0.521678733,-1.86597007,0.915049344,0.202087117,-0.521678733,1.940288714,-0.521678733,-1.156286738,0.306347851,-0.521678733,-0.521678733,-0.521678733,-0.521678733,2.872782394,-0.521678733,-0.521678733,1.735025234,-0.521678733,-0.018985501,0.708146046,-0.421697057
99,99,-0.342559177,-0.213905183,0.851156031,-0.213905183,-0.213905183,-1.300143566,-0.213905183,-0.213905183,-0.137170636,1.471021453,-0.343986429,-0.090140515,-0.213905183,2.273449755,1.251605226,-0.570340376,-1.473086431,0.049101905,-0.213905183,0.072334221,-0.213905183
100,100,0.520284566,-0.338194385,1.084497238,-0.338194385,-0.338194385,1.103638608,-0.338194385,4.732071,0.316211951,-0.048382343,-0.956339107,0.044793543,-0.338194385,-0.981817721,-2.341852426,-0.55200199,-1.823858067,-0.34755783,-0.338194385,1.617673274,-0.338194385
101,101,1.775234387,-0.247657297,-0.247657297,-0.247657297,-0.644348836,1.136188457,-0.247657297,-1.218628788,0.431642753,-2.16827842,1.348318386,0.300779432,0.679730863,0.80725283,-1.199682627,-0.247657297,-0.247657297,0.422525292,-0.247657297,0.276087492,-0.213220145
102,102,-2.983482968,0.192400047,0.104403341,0.104403341,0.414215828,0.104403341,0.104403341,0.104403341,0.104403341,0.104403341,1.688435606,-1.344179951,0.104403341,-1.436782969,1.038077694,1.563357382,0.104403341,0.104403341,0.104403341,-0.384880762,0.104403341
103,103,0.16030676,-0.952263557,0.16030676,0.16030676,2.03232819,0.16030676,0.870771395,0.16030676,0.140451594,0.877042725,0.16030676,-0.770681107,0.16030676,-1.175714331,0.087363954,-2.388256828,0.16030676,2.017121873,0.087369451,-2.268294204,0.16030676
104,104,0.148109012,-1.764025982,2.169018931,-0.011054517,0.148109012,-1.127238814,0.148109012,-0.093304555,1.649536682,0.148109012,-0.035354387,0.148109012,0.148109012,-2.798124656,0.148109012,0.148109012,0.148109012,0.148109012,0.148109012,0.148109012,0.233239149
105,105,-3.253302367,-0.446969596,0.777627111,-1.246845845,2.310109489,0.109384611,-1.129819548,-0.384668297,-0.446969596,-1.035422495,-2.298685432,2.369557768,-0.446969596,-0.446969596,-0.575705415,3.160711439,-0.446969596,-0.446969596,4.005313597,0.318888352,-0.445325389
106,106,1.147357366,0.509643262,-0.193038281,0.752704368,1.581384103,-0.568477754,-0.193038281,-0.193038281,0.702424123,-0.406938718,-0.193038281,-0.528590949,0.375444108,-0.193038281,1.698084308,-0.193038281,-0.193038281,-0.355550791,-2.706840997,-0.761846461,-0.087527999
107,107,-1.339730236,0.292393183,-0.072719648,0.292393183,1.156778222,1.067911793,0.292393183,0.119837015,-1.415849521,-0.111810015,-0.927623639,-1.008353861,2.678382131,0.292393183,-0.954021489,-0.475539139,0.292393183,0.292393183,0.292393183,-0.918417107,0.154403214
108,108,2.107527373,-0.433954033,-0.425666564,-0.433954033,-0.433954033,-1.795528777,-0.433954033,-0.249538641,3.280274079,-0.433954033,-0.213610388,-2.583042993,1.295318567,1.640718132,-0.433954033,1.553002873,-1.876315623,0.633021465,-0.433954033,0.090034629,-0.418515898
109,109,1.305779731,-0.197003532,-0.160946085,-0.204779497,-0.197003532,-0.32056401,-0.197003532,1.747306689,-1.943328758,0.309265981,-0.197003532,-0.197003532,1.623803878,1.109816416,-2.319272321,-0.594559182,0.623474273,-0.097274021,-0.197003532,0.290184104,-0.186886006
110,110,-0.123600279,0.511653564,2.072479744,3.196936701,-0.123600279,-0.359612648,-0.123600279,-3.085565982,1.814580254,-0.123600279,-3.592593686,-0.123600279,-0.123600279,1.274051862,-0.123600279,-0.123600279,-0.33645032,-0.123600279,-0.123600279,-0.123600279,-0.135876419
111,111,-2.459387832,-0.281537847,0.194084516,-1.221370583,0.109768836,0.194084516,-0.340701348,0.194084516,0.194084516,2.233141664,0.194084516,-0.750055371,-0.197392449,0.194084516,1.201600725,2.665541208,0.194084516,-2.999553104,0.194084516,0.293185456,0.194084516
112,112,-0.497810934,-0.497810934,0.644661923,-0.497810934,-0.497810934,2.125604472,-0.497810934,1.443884122,0.349013099,-0.497810934,1.578509435,0.481623535,0.572393326,-1.097518867,-0.497810934,-0.647836264,-0.594131667,-0.65822347,-0.497810934,0.268561634,-0.484053809
113,113,-0.978450101,0.250260034,0.250260034,0.250260034,-2.240019785,-0.14136011,0.250260034,-1.007118988,-1.631366639,2.101759665,-0.661532276,-1.758710904,-0.953536425,3.10161466,1.796583074,0.250260034,0.250260034,2.42584171,0.250260034,-1.797237033,-0.008287089
114,114,-1.520256301,0.39377619,-0.588479494,0.39377619,0.39377619,2.140157141,0.39377619,0.39377619,-1.723437544,0.728919942,2.069217529,-2.364885009,0.39377619,2.8280143,-0.365357019,-2.768786246,-1.074393376,-0.004980595,0.39377619,-0.505942848,0.39377619
115,115,0.074508998,0.063108378,-0.290695111,2.181014304,1.514798624,-1.013544794,0.222692874,-1.838779807,0.063108378,0.063108378,-3.381733625,0.764732525,1.789801583,0.063108378,-1.1767198,-1.570112732,0.063108378,0.063108378,0.482293449,1.820196921,0.042896325
116,116,1.852099036,-0.204909548,-0.714775802,-0.027372067,-0.027372067,-2.563105261,-0.027372067,-0.027372067,-0.027372067,-0.027372067,-0.027372067,-0.116411869,-0.027372067,-1.083214577,1.083952891,1.762719517,-0.027372067,-0.027372067,-0.027372067,0.312110411,-0.027372067
117,117,-0.834590315,1.574012445,0.175286767,0.278457958,-1.900348122,1.689181784,0.175286767,0.175286767,0.445239895,-1.374813044,0.175286767,-0.23094727,-0.44710272,0.175286767,1.613613936,0.175286767,0.175286767,1.038530772,-0.59413917,-2.737180541,0.253077027
118,118,0.076860321,0.013915617,0.90171484,2.41577393,0.084791681,0.013915617,-1.621727743,-3.722773877,0.013915617,0.370182488,0.013915617,0.013915617,0.013915617,0.879530192,-2.624074005,1.804909463,0.013915617,0.013915617,0.013915617,1.257350407,0.052221751
119,119,-0.196909816,-0.196909816,1.927388315,-0.216140656,-0.196909816,-1.298387999,-0.196909816,-0.914545897,0.316889401,-0.196909816,0.490008746,1.718906266,1.270455471,-1.433794795,-0.196909816,-1.17602,2.239076871,-2.086983841,-0.196909816,0.772315893,-0.230799062
120,120,0.281401929,-0.107487432,-2.485731167,-2.361332854,0.596028377,-1.986164789,-1.443401251,2.060786258,3.687235433,0.486413809,-0.107487432,-0.107487432,1.424773243,-0.107487432,-0.107487432,-0.107487432,-0.142108767,-0.107487432,-0.107487432,0.883757294,-0.141758061
121,121,-0.013741253,-0.589755223,-0.889776046,-0.562537135,-0.013741253,0.327010833,-0.013741253,-1.891816838,-1.164803919,-0.013741253,2.79043439,-0.013741253,-0.013741253,0.805364455,-0.013741253,-0.013741253,2.343195702,-0.013741253,-0.572132498,-0.426514756,-0.044997687
122,122,-1.355417074,-0.088718901,-0.088718901,-0.088718901,0.059112982,0.120457276,-0.088718901,0.124587276,1.435873582,-2.180897999,0.567764951,2.751716801,-1.366971619,-2.737863374,1.304341314,-0.088718901,-0.088718901,2.775834356,-0.088718901,-0.786822964,-0.090683197
123,123,0.106998127,-0.582001144,0.033153682,0.803328492,1.651813421,-0.582001144,-0.096234519,0.444636121,-0.582001144,0.749435542,-0.582001144,0.919715463,-0.582001144,0.0922682,0.531490728,-2.601311413,-0.582001144,-0.582001144,-0.582001144,2.602716454,-0.582001144
124,124,-4.231853032,0.551027768,3.573708732,0.551027768,0.551027768,-0.426916221,0.551027768,0.551027768,1.58434619,-1.573734949,1.32647929,-0.86903313,0.551027768,-1.302039307,-1.07217445,-2.074155856,1.076346444,0.450306376,0.551027768,-0.86950223,0.551027768
125,125,-1.197793702,0.624132795,0.344879484,-2.616860912,2.608959499,0.344879484,1.44899134,-0.097660181,0.344879484,-2.525710626,0.344879484,0.995956631,-1.236099415,0.344879484,-1.244120105,0.104370973,0.344879484,0.344879484,0.344879484,0.03191835,0.344879484
126,126,-0.084773773,-0.759338695,-1.900442088,2.73100934,-0.084773773,-1.819412751,-0.084773773,1.507383422,2.793749508,-0.084773773,-0.09040821,-0.084773773,-0.084773773,-1.040767806,-0.084773773,-0.084773773,-0.098845769,-0.084773773,-0.084773773,-0.463525175,-0.011664051
127,127,-0.292930379,-0.292930379,0.239357425,-0.292930379,-0.292930379,-0.433198973,-0.292930379,1.190074025,2.776770055,-0.292930379,2.137379823,0.608810553,-0.559886143,-1.622577855,2.221794896,-0.292930379,-1.926049274,-0.998729723,-0.292930379,-1.069699463,-0.220602311
128,128,-1.841540493,0.433531585,-1.193115195,0.433531585,0.433531585,-1.758587338,0.433531585,0.433531585,0.012013915,-1.811108874,2.559444099,1.056460248,0.433531585,-0.255842165,-0.75566507,-1.205762214,1.35232892,0.386480263,0.433531585,-0.013358778,0.433531585
129,129,-0.717036668,0.120483419,0.120483419,0.120483419,0.353860868,-0.276983342,0.120483419,-2.689361022,0.130271864,0.630371719,-1.448007552,0.947580715,2.088675672,0.199007928,0.518618696,0.120483419,0.120483419,0.546713021,0.120483419,-1.108044426,-0.019051402
130,130,-0.823847622,0.884702084,-2.302611437,0.384609147,-0.897086235,-1.192630135,0.384609147,0.384609147,0.384609147,0.384609147,3.230449373,-0.929053774,0.384609147,0.576652011,0.315020104,-1.946872812,0.384609147,0.384609147,-0.177124302,-0.199079575,0.384609147
131,131,2.230418237,-0.15252138,-0.206904581,-0.328408298,1.770198514,-0.15252138,-0.02841838,-1.683464287,-0.15252138,0.072046761,-0.15252138,-0.15252138,-0.15252138,2.457372355,-1.367571274,1.185714792,-0.15252138,-0.15252138,-0.15252138,-2.575770038,-0.15252138
132,132,-2.176120994,-1.011175038,-0.481139452,-1.707039973,0.091572743,-2.37840652,2.091287177,-2.18317872,1.208290663,2.211968623,0.004284432,0.004284432,0.375169023,0.004284432,0.004284432,0.004284432,2.674229025,0.004284432,1.240535356,0.057695352,-0.039393858
133,133,0.088249344,0.532401114,1.536806845,0.856269443,0.532401114,-2.012349191,0.532401114,-1.523239701,-0.222031468,-0.702093313,-1.011395847,0.520687879,-1.285232629,1.495357053,-0.154970299,0.532401114,0.095903602,-1.437461694,0.532401114,0.532401114,0.561093292
134,134,1.664292508,-0.530356105,1.45639221,-1.959414266,1.6246513,-1.808650964,1.134049558,-0.005371691,0.320572947,-1.38748861,-0.005371691,-0.150075913,-0.29294315,-0.005371691,-0.005371691,-0.005371691,-1.86630306,-0.334919754,2.077724285,0.084699159,-0.005371691
135,135,-0.098511132,-0.127319565,2.988420099,-0.067807712,-0.098511132,-1.943379578,-0.098511132,1.3932836,-1.944216652,-0.098511132,-2.68263002,-0.098511132,-0.098511132,2.995449642,-0.098511132,-0.098511132,0.057217848,-0.098511132,0.129718572,0.160664934,-0.072800975
136,136,-0.814345654,-0.745104028,0.23104613,0.396878624,0.895591402,1.277374369,1.459139,0.42550344,2.106010604,-0.667115569,-0.814345654,1.30231331,0.704762447,-0.814345654,-0.814345654,-0.814345654,-3.198098697,2.110431456,-0.814345654,-0.781480315,-0.631178247
137,137,0.086047855,0.086047855,0.667187336,0.086047855,0.086047855,1.033595253,0.086047855,0.678141472,0.954682491,0.086047855,-0.151102427,-1.687506798,-1.025089112,0.184737051,-0.715986629,0.783210505,-0.224310047,-2.24815482,0.086047855,1.007663841,0.140596895
138,138,-0.002026023,0.630070638,-0.002026023,-0.002026023,-1.406567317,-0.002026023,-0.671910398,-0.002026023,0.837891109,2.349550582,-0.002026023,-1.554250445,-0.002026023,1.740240847,-0.771028519,-0.002026023,-0.002026023,0.618426358,-1.137622241,-0.614540389,-0.002026023
139,139,-2.539627137,-1.1545984,0.488215928,0.19438915,-0.339618648,1.568468725,0.19438915,0.19438915,0.19438915,0.19438915,-1.263157624,1.287602215,0.19438915,1.834128948,-0.476245229,-0.67296116,0.19438915,0.19438915,1.252170698,-1.733880664,0.19438915
140,140,-0.020917601,-2.076057111,-0.020917601,-0.020917601,0.518374181,-0.020917601,-1.543477917,-0.020917601,1.777340566,-0.760385137,-0.020917601,0.247477613,-0.020917601,1.296357926,-0.020917601,-0.020917601,-0.020917601,3.949671437,-0.566770783,-2.612437169,-0.020917601
141,141,1.36091258,-0.165083554,1.748896799,-0.165083554,0.548464449,-0.498512753,-0.165083554,-0.165083554,-0.165083554,-0.165083554,-0.911189129,-1.732127394,-0.165083554,0.057861367,1.724998049,-1.452427228,-0.165083554,-0.165083554,-0.165083554,0.96904235,-0.165083554
142,142,-0.074437437,-0.180613217,-0.180613217,-0.180613217,2.255790206,2.010726561,-0.180613217,-1.739570353,-0.180613217,2.439046376,-0.223065961,-1.056265221,-0.180613217,-2.951689186,0.014583783,-0.180613217,-0.180613217,-0.180613217,1.063390968,0.05270612,-0.165696906
143,143,1.231955995,-0.483474428,-4.174277528,0.133943428,1.670384296,-0.117228923,-0.187510511,-0.117228923,-1.445064378,1.437751671,-0.117228923,1.246008547,-0.117228923,-0.117228923,-0.117228923,-0.117228923,-0.374258821,0.19795318,2.696908327,-1.012488396,-0.117228923
144,144,-1.471363542,3.26802324,0.46585888,-0.315446435,2.409873625,-1.552276091,-0.799917565,-0.315446435,-0.315446435,-0.315446435,1.010972403,1.163518754,-0.315446435,-2.601613744,1.072850746,-2.230144123,-0.315446435,-0.315446435,-0.315446435,2.103235335,-0.315446435
145,145,1.496325679,-0.37621574,0.744343364,-0.37621574,3.0658317,-0.37621574,-0.37621574,-0.782495239,-0.37621574,-2.060380752,-0.37621574,2.348177117,-0.435159365,-0.870616972,-1.407581447,1.918275632,1.504431995,-0.950791981,-0.37621574,-1.446684114,-0.490165435
146,146,0.011330594,-1.026835118,0.011330594,0.011330594,0.072489687,0.011330594,0.075101525,0.011330594,1.834255958,-1.794363069,1.259041544,-0.789930503,0.011330594,2.831519127,-1.086738483,0.032284284,0.011330594,0.246888595,0.011330594,-1.755688894,0.011330594
147,147,0.313535391,0.031104749,2.437018987,0.031104749,-1.895295064,0.031104749,-1.317067527,-0.131281556,0.031104749,0.679872291,0.031104749,-2.646679467,0.031104749,1.354519073,0.21730338,0.343905434,0.031104749,0.031104749,0.031104749,0.235470987,0.128755331
148,148,-0.775830785,0.417733612,-1.727624013,-3.119503112,0.417733612,0.898036971,0.630622463,0.720334054,0.417733612,0.417733612,0.417733612,0.417733612,2.311701316,-0.995473757,-0.09279816,0.417733612,0.417733612,0.417733612,0.417733612,-2.385859997,0.359058903
149,149,-0.340888812,-0.445764032,-0.577830914,-0.445764032,1.585085277,-0.144702155,-0.445764032,-1.176922452,-0.224709685,4.991859251,1.169718771,-0.266714915,-1.790628053,-0.445764032,0.08136778,0.127427955,-0.445764032,-0.445764032,-0.445764032,-0.137655346,-0.17505848
150,150,-2.049380434,0.10194996,-0.072650136,0.10194996,0.10194996,0.81485313,0.10194996,0.10194996,3.256961942,-1.364852262,0.836138291,-2.043675753,0.10194996,1.173467463,-0.528622964,0.473041805,0.10194996,-0.784066366,0.10194996,-0.628764358,0.10194996
151,151,0.162170827,0.102464766,0.9747033,-1.321981953,0.162170827,0.379873617,3.733921839,-0.503953986,-1.464337385,0.162170827,0.162170827,0.162170827,0.162170827,-0.932089393,0.162170827,0.162170827,-0.517737688,0.162170827,0.162170827,-2.238009079,0.165437697
152,152,-0.112144568,-0.903586597,1.688769746,-1.366894553,1.951807005,1.175647993,0.722712521,-0.112144568,-3.315381363,-0.112144568,-0.112144568,0.402436498,0.182590507,-0.112144568,-0.112144568,-0.112144568,0.621562268,-1.631868744,0.528025201,0.952050962,-0.222859472
153,153,-0.120964524,-1.450846595,0.124446128,-2.400788804,-0.120964524,0.597940539,-0.120964524,1.318837334,2.178350513,-0.120964524,0.200232471,-0.120964524,-0.120964524,-0.251707768,-0.120964524,-0.120964524,1.485656114,-0.120964524,-0.194242158,-0.332762223,-0.186434834
154,154,2.049065824,0.506335786,-2.054952098,-0.122604918,-0.557363962,1.352102174,0.145091933,-0.122604918,-0.122604918,-0.122604918,0.003633283,-1.531808202,-0.122604918,0.428733175,-1.267732296,-0.060948089,-0.122604918,-0.122604918,1.042913039,0.925768781,-0.122604918
155,155,-0.748934864,0.212744071,0.212744071,0.212744071,1.425206909,0.267605806,0.212744071,-0.878682922,-3.246064032,0.002245581,0.547368138,0.747469588,0.691997971,1.579202973,-0.958356869,0.212744071,0.212744071,-0.926847371,0.212744071,-0.156379299,0.164959895
156,156,0.072635277,-0.42942355,-1.329539409,0.630175603,-0.440004679,-0.42942355,1.414600542,0.153340503,-0.42942355,0.723085985,-0.42942355,0.422168955,-0.42942355,1.668401898,1.328233391,-1.620910382,-0.42942355,-0.42942355,-0.42942355,0.830857732,-0.417657016
157,157,-0.03537456,-0.786614367,1.557884542,-0.98360085,-0.03537456,-0.454730248,-0.03537456,-0.01001315,-1.431316012,-0.03537456,2.674152734,-0.03537456,-0.03537456,-1.260575513,-0.03537456,-0.03537456,-0.03537456,-0.03537456,1.001725148,0.18105258,-0.134219263
158,158,-1.818316876,-0.072870713,-0.77605185,-1.449741308,-0.072870713,1.069651966,-0.072870713,0.264294498,1.230521646,-0.072870713,-0.072870713,-0.072870713,-0.078210756,0.239242504,2.244526365,0.839697989,0.49462313,0.508346263,-0.072870713,-2.281354002,0.022865421
159,159,-0.798006685,-0.216079268,-0.838917702,-0.216079268,0.376597066,1.474621844,2.711188787,-0.216079268,-0.216079268,-0.216079268,1.147618067,-0.273906248,-0.216079268,1.97032454,-2.603819946,-0.216079268,-0.216079268,-0.216079268,0.094218892,-1.099125931,-0.216079268
160,160,-1.635498223,-1.065250805,-0.198423322,1.621526354,1.172578785,-0.198423322,0.582700375,-0.198423322,-0.198423322,-2.904976598,-0.198423322,2.323620141,-1.062168051,-0.198423322,-1.191980094,0.722899181,-0.198423322,0.270785923,-0.198423322,2.951572908,-0.198423322
161,161,0.140376173,-0.662647933,-0.008916953,1.247401031,0.140376173,-0.570884224,0.140376173,1.246426124,-1.310003097,0.140376173,-1.940654669,0.140376173,0.140376173,0.962113383,0.140376173,0.140376173,1.502527376,0.140376173,-1.961425001,0.140376173,0.092302235
162,162,0.060636939,0.139223245,-2.335894509,0.139223245,-0.105650203,0.139223245,2.658906401,-1.39656436,0.139223245,0.56354002,0.139223245,0.139223245,0.139223245,-1.771738402,-0.281429311,-0.414134808,0.139223245,0.139223245,0.139223245,1.521774726,0.108321053
163,163,-0.8458728,-3.103468111,0.269068625,3.169527351,0.95270351,0.010489859,0.269068625,0.269068625,0.099075433,1.407346127,0.269068625,1.38521735,-1.854140536,0.269068625,0.550505852,0.269068625,0.269068625,-2.152386499,-0.182359256,-1.493585352,0.173466699
164,164,2.079413204,-0.322126827,0.270120407,0.275116073,-0.641616587,-2.268418859,0.217965926,0.275116073,-0.329818435,0.463009975,0.275116073,-2.092437679,0.275116073,0.275116073,0.275116073,0.275116073,0.275116073,-0.09934654,-0.61563144,0.862842193,0.275116073
165,165,1.778848116,-0.009478725,1.687919232,0.131920402,0.400511631,0.131920402,0.131920402,0.131920402,0.131920402,0.131920402,-2.398854773,-0.801675358,0.131920402,-2.056654347,-0.88397006,0.131920402,0.131920402,0.131920402,0.868515982,-0.036286121,0.131920402
166,166,1.096868164,-0.090675176,0.237375697,-0.090675176,1.640712255,-0.090675176,0.197560448,-1.617222192,-0.090675176,-0.321103277,-0.090675176,-0.090675176,-0.090675176,-1.526460397,-0.20001934,0.807240293,-0.090675176,-0.090675176,-0.090675176,0.840967332,-0.249167226
167,167,-0.105172435,-0.105172435,-1.486727884,-0.105172435,-0.105172435,-0.169441319,-0.105172435,0.814895916,-1.490706948,-0.105172435,0.797471472,-0.163554926,1.415134839,-0.172040248,-0.105172435,1.770752041,2.05056935,-1.559243823,-0.105172435,-0.773085765,-0.192643223
168,168,-2.099657256,-0.083327415,-1.792528077,-0.083327415,-0.083327415,-0.099417106,-0.083327415,-0.083327415,-1.641201507,-1.143589819,1.659396737,0.795485184,-0.083327415,1.204770801,1.141268911,1.295632309,1.450676202,-0.869758321,-0.083327415,0.765541258,-0.083327415
169,169,1.888180858,-0.0339348,-0.0339348,-0.0339348,2.742381631,-1.736805848,-0.0339348,0.588048027,-0.504711421,1.320965214,0.449052434,0.046933437,-0.261133013,0.376758594,-1.091391746,-0.0339348,-0.0339348,-0.10661409,-0.0339348,-3.44018568,-0.0339348
170,170,0.424197564,-0.959520849,0.541991979,0.541991979,-0.298659793,-1.145432706,0.541991979,-1.327743026,0.541991979,0.229991725,2.554553847,0.187443182,0.541991979,-1.042976953,-0.588428729,0.541991979,0.541991979,0.541991979,-0.180399076,-2.693583336,0.504622318
171,171,-0.088466145,0.175999384,0.02659163,-1.051232303,0.175999384,3.427798302,0.175999384,-0.389592551,1.380508889,0.432594453,0.175999384,0.175999384,1.113976934,-1.833792722,0.289167621,-0.500730824,-0.433278386,-0.903872596,0.175999384,-2.50960996,-0.016058644
172,172,0.008636018,0.593696265,-0.728948992,0.157629544,0.008636018,1.527569474,1.530066479,0.008636018,-0.090131156,0.008636018,0.008636018,-2.954021119,-2.741481809,0.008636018,0.008636018,0.008636018,-0.726875844,1.578642626,-0.53677397,2.320845867,0.00069449
173,173,2.490710046,-0.64395317,-0.602078936,0.843586016,1.42040181,0.017705317,-0.94602156,0.017705317,0.017705317,-0.705773791,0.017705317,-0.672795418,1.260750251,0.017705317,-0.071518252,0.017705317,-2.777055353,1.654993849,0.017705317,-1.282802503,-0.092380209
174,174,0.514346255,-0.172670712,-0.996572142,-0.172670712,2.045092035,2.377521898,-0.172670712,1.9057349,-1.037911345,-2.095651999,-0.084653518,-0.470256207,-0.446989681,-0.172670712,1.429238819,-1.710630296,-0.172670712,-0.172670712,-0.172670712,-0.099487274,-0.121086461
175,175,-0.263462875,-0.070343956,-0.808953134,-0.070343956,-0.070343956,-0.528876519,-0.070343956,-0.070343956,-0.070343956,0.808539605,-0.631293226,0.270603285,-0.070343956,1.753874085,0.63014083,-0.694543963,-0.070343956,-0.519220762,-0.070343956,0.686632229,-0.070343956
176,176,2.845916199,0.136516043,-0.065310794,-0.065310794,-1.018052001,-0.776227733,-0.676778379,-0.065310794,1.264371433,0.057732771,-0.065310794,1.06757937,-0.065310794,-0.065310794,-0.065310794,-0.065310794,-1.867577061,0.517165714,-0.305811222,-0.657037988,-0.065310794
177,177,0.270139959,-1.965557264,0.270139959,0.270139959,0.253739537,0.270139959,0.721514898,0.270139959,0.579773365,0.641153351,2.165049785,-0.727416366,0.270139959,-0.904886236,0.585118223,-1.96882782,0.270139959,-0.736165734,-0.626413407,-0.178202007,0.270139959
178,178,-0.301391873,0.245550955,0.183887512,-0.406675956,-0.099650741,0.543845833,-0.695595779,-0.301391873,-1.292387747,-0.301391873,-0.301391873,1.417881753,-0.335987113,-0.301391873,-0.301391873,-0.301391873,1.760595756,0.8793412,-1.800448278,2.040165566,-0.330779851
179,179,-0.054282172,-0.455936252,0.75521602,-1.264381507,-0.054282172,-1.362512339,1.629692425,-0.054282172,-0.923724357,-0.054282172,-0.054282172,-0.899313468,-1.918598828,-0.054282172,-0.054282172,-0.054282172,1.207026722,0.499862447,1.653981625,1.734458563,-0.221513671
180,180,0.89983623,0.183158623,0.811959616,0.183158623,-1.009702207,0.230982569,0.183158623,0.183158623,0.183158623,0.183158623,2.546756879,-0.062232178,0.183158623,-3.435364331,-0.33114177,0.183158623,0.183158623,0.183158623,0.373758814,-2.039598474,0.183158623
181,181,-1.97995672,0.041227327,0.293636532,-1.647477681,0.667793862,-1.434732609,-2.643277455,-0.820120763,0.041227327,1.686115297,1.53002165,2.188602857,0.041227327,0.041227327,0.343140119,-0.865537529,0.041227327,0.041227327,0.933785962,1.489121901,0.011520615
182,182,-0.957366939,0.389963993,0.535071763,-0.493734024,-0.108334065,-3.391646996,0.571911292,0.389963993,0.338054788,-2.500918336,0.389963993,1.627867931,0.834339515,0.389963993,1.681903515,0.389963993,0.389963993,0.389963993,0.505021682,-1.410346951,0.038428874
183,183,1.39905596,1.169883035,2.825632921,0.728299123,1.486376596,-0.464335036,-2.087646254,-1.828071134,-0.464335036,-0.278438044,-0.464335036,-0.464335036,-0.464335036,0.192715572,1.548582704,0.06616504,-0.464335036,-0.464335036,-0.464335036,-1.043540196,-0.464335036
184,184,0.768843479,-0.398087103,-0.398087103,-0.398087103,1.724452274,0.046638867,-0.398087103,0.630294808,-0.760979506,0.152247664,0.969826661,-1.669301311,0.880806495,-0.552836988,0.438120837,-0.398087103,-0.398087103,-0.417669667,-0.398087103,0.711592834,-0.135426727
185,185,-0.751420086,0.395425748,0.604357088,0.395425748,0.395425748,0.305056089,0.395425748,0.395425748,-1.38233494,1.772219862,-0.97379189,-0.819512915,0.395425748,-0.54837342,0.306882368,1.778801877,-0.738974143,-1.91567476,0.395425748,-0.80064111,0.395425748
186,186,0.154985652,-0.181429962,-0.181429962,-0.181429962,-0.381661458,-0.179760363,-0.181429962,1.133117224,0.441441875,-2.531765813,1.257221823,0.066254311,-1.388700021,-1.17275619,0.549635764,-0.181429962,-0.181429962,0.389381053,-0.181429962,2.419047529,0.513568349
187,187,-0.903815398,-0.148682647,-2.030166077,-0.025550197,1.615164696,1.495791909,-0.75495965,0.377775117,0.577757424,-3.584151007,0.377775117,-2.043141347,1.816069627,0.377775117,0.689439334,0.377775117,0.377775117,0.377775117,-1.115437578,2.010075937,0.134954273
188,188,0.004226213,0.094986873,-0.365415043,-0.27845132,0.094986873,-0.84909181,0.094986873,1.447405154,-0.422544254,-1.712531834,0.094986873,0.094986873,2.135198289,-0.183017892,-2.879216042,-0.360140106,-0.007964823,1.454214123,0.094986873,1.158211721,0.289196391
189,189,1.663015472,-0.299986822,-1.228815827,0.268829746,-0.669669409,0.878249559,1.092860036,-1.12151777,0.50788522,0.832449888,-0.125590077,-0.125590077,-1.647790216,-0.125590077,-0.125590077,-0.125590077,0.458196699,-1.94702383,-0.125590077,1.865453134,0.101404583
190,190,1.290853349,1.42610004,-0.732831286,-2.221838887,-2.625041597,-1.092427382,0.890388095,0.896694043,0.184917348,-0.360701653,0.008549941,0.008549941,0.55607051,0.008549941,0.008549941,0.008549941,-1.601995252,2.346133109,0.008549941,0.999732923,-0.007353002
191,191,0.888494491,0.005018935,0.174229276,-2.50202074,0.375616709,0.566582345,-0.269356654,0.005018935,-0.483576013,1.484923002,0.005018935,-0.472416766,-1.000993211,0.005018935,-0.315983916,0.005018935,0.005018935,0.005018935,0.92285141,0.329349021,0.267168498
192,192,1.220815045,-0.171674731,-0.041190213,-0.171674731,-0.171674731,-0.048118444,-0.171674731,1.113711254,0.243577215,3.271129649,0.335537727,1.462778601,-0.171674731,1.687942277,-1.206554168,-1.828238725,-2.842325268,0.737029455,-0.171674731,-2.904371287,-0.171674731
193,193,-0.485546473,1.326851877,0.10459854,-0.485546473,1.081278369,-0.485546473,1.583573998,-0.485546473,-0.485546473,-0.485546473,1.938425135,0.857696743,-0.485546473,-0.495826695,-1.693672765,-3.048819977,-0.485546473,-0.485546473,2.61477129,0.586588219,-0.485546473
194,194,2.988320789,1.59320245,-0.097291811,-0.027978621,-0.575860738,-0.894756758,1.937988836,-0.027978621,-1.16879947,-2.845473674,-0.027978621,-1.105963505,-0.027978621,-0.027978621,-0.027978621,-0.027978621,-0.679482673,-0.215524801,-1.041259997,2.328730322,-0.027978621
195,195,0.380143351,0.64285408,0.380143351,0.380143351,1.469202494,0.380143351,-2.145858684,0.380143351,-0.740389011,-0.531793415,0.380143351,-0.405004687,0.380143351,-0.145269765,-0.19018584,0.757965888,0.380143351,-1.747769321,-0.210653156,-0.174388741,0.380143351
196,196,-3.643684362,1.415325569,1.392087164,1.082044221,0.969665472,2.309539366,-0.715380732,-0.109396123,-3.294743466,2.961086356,0.344607737,0.344607737,0.850897489,0.344607737,0.344607737,0.344607737,-1.549191314,-0.96946295,0.344607737,-2.956635682,0.190202569
197,197,-0.053935017,-3.404290745,0.232332469,0.433223578,1.663878934,-0.854994855,0.232332469,1.412462456,0.232332469,1.01393219,1.662453219,0.5051137,0.232332469,-3.117428648,-0.283906494,0.232332469,0.232332469,0.232332469,-0.111443466,-0.501193231,0.009801096
198,198,0.139350659,-0.302137868,2.376822792,-0.232786603,0.224201448,-0.602477468,-1.353292529,-1.323115656,-0.302137868,-2.425883868,-0.300651549,0.77461285,-0.302137868,-0.302137868,1.138224699,0.69098413,-0.302137868,-0.302137868,1.663336785,1.385358779,-0.341857261
199,199,0.394813401,0.205829387,-0.014243869,-0.832877976,-1.605376188,0.003058871,-0.604258016,0.394813401,-1.42357786,0.394813401,0.394813401,-0.408630871,3.993945334,0.394813401,0.394813401,0.394813401,-0.724816285,0.762366639,-1.743739288,-0.535229186,0.163855498
200,200,-0.099933416,0.02756744,0.02756744,0.267045467,-2.045965155,0.02756744,-1.130838328,-1.076166791,1.047140678,-0.151123443,-0.852658025,3.309217288,0.063617547,0.02756744,-1.615325376,-0.914148008,0.02756744,0.02756744,1.407648087,1.598517397,0.02756744
201,201,-0.171765131,-0.316055177,-0.016756456,-0.316055177,0.105076326,0.313771684,-0.316055177,1.330257323,-1.940032312,3.727093271,0.267273403,-1.637296107,-0.170371314,-0.316055177,-0.729197562,0.737841818,-0.316055177,-0.316055177,-0.316055177,0.319306443,0.077184857
202,202,0.206627343,0.614019849,-1.004956832,-0.162818392,1.837483497,0.003458658,-1.959628035,1.350103601,-0.720960067,-0.469789989,0.304123353,0.304123353,-2.228278606,0.304123353,0.304123353,0.304123353,-0.583128371,1.735456025,-0.503300526,0.103726966,0.261368117
203,203,-1.659126271,1.036862219,-0.161063404,2.720235467,3.346996636,-0.989679747,-0.161063404,-0.303618836,-0.161063404,0.551280131,-0.377892828,-1.706438172,-0.161063404,-0.099058532,1.063347641,-0.161063404,-0.161063404,-0.161063404,-0.500657138,-1.546127047,-0.408679694
204,204,-0.113215777,-0.981716284,3.210250589,1.712595238,-0.113215777,-2.545463818,-0.113215777,-1.023759402,-0.113215777,-0.113215777,0.100969829,0.927914917,-0.113215777,0.681854897,-0.113215777,-0.113215777,0.403425852,-0.113215777,-0.113215777,-1.315057641,-0.038856409
205,205,-1.195387469,-0.106841832,0.396319557,-0.106841832,-0.244830171,-0.856376297,-0.106841832,-0.525026334,0.387904002,-0.713532997,1.397535124,-0.607397472,-0.106841832,-0.532526932,0.450769835,-1.146130215,1.718193634,0.704557804,-0.106841832,1.406978924,-0.106841832
206,206,-0.398224126,-0.672614581,2.415135129,-0.579281244,0.53271645,0.239967837,-0.705747037,-0.113375753,-0.706009691,2.717087128,-0.113375753,-1.116346663,1.557691443,-0.113375753,-0.511623155,-0.113375753,-0.113375753,-0.113375753,-3.81241077,1.784778341,-0.064864543
207,207,-0.386065024,-0.910546241,-1.390070701,0.258785645,2.076157532,-1.522929868,0.258785645,0.258785645,0.258785645,0.258785645,0.720453823,-0.339523012,0.258785645,0.168646235,-0.631763668,1.137427063,0.258785645,0.258785645,-0.490864106,-0.759992834,0.258785645
208,208,0.344654702,0.344654702,-5.507193014,0.344654702,0.344654702,-0.61812486,0.344654702,-1.109345944,1.229038304,0.344654702,2.011029093,0.344654702,-0.183549746,-0.050013086,-0.033389176,0.458059326,0.454264398,0.329912364,0.344654702,-0.219833695,0.481908423
209,209,0.10174508,-2.932813296,0.238900502,-0.027341436,0.10174508,-0.366823909,0.10174508,0.933468881,-0.556111744,0.10174508,0.10174508,0.10174508,0.10174508,-1.540076733,0.10174508,0.10174508,0.938397671,0.10174508,2.109956882,0.10174508,0.083247298
210,210,-0.358235431,-0.875097212,0.280961285,-0.488345512,0.813898395,1.120602632,0.280961285,0.280961285,1.479364449,2.901756091,0.280961285,-1.575138055,-0.910002617,0.280961285,-1.535363952,0.280961285,0.280961285,1.630455022,-0.281097285,-3.952376365,0.062850845
211,211,0.85448957,-0.165789095,-1.236784424,-0.165789095,-0.165789095,0.066801347,-0.165789095,-0.165789095,0.228619863,-0.165789095,0.438697581,0.856749034,-0.165789095,-0.630675253,0.483554541,-2.363607947,1.769468948,1.864013515,-0.165789095,-0.839224917,-0.165789095
212,212,0.284533957,1.232584647,0.852380425,0.582818136,-1.231135238,-0.117753123,0.6287419,0.582818136,-0.983161851,-0.067775034,0.582818136,0.504419311,0.582818136,0.582818136,0.582818136,0.582818136,-0.749586704,-2.394341284,-1.531419581,-1.090032513,0.582818136
213,213,-0.314549156,-0.091129552,3.193228971,-0.063731897,-0.091129552,-1.790752741,-1.050796265,0.871235516,-0.091129552,-0.091129552,-0.091129552,-0.091129552,1.519258908,-1.27338162,1.201164869,-0.091129552,-0.091129552,-0.091129552,-0.091129552,-1.229476384,-0.150904679
214,214,0.366060981,-0.519159493,1.073358887,-0.519159493,0.797558228,-0.519159493,-0.519159493,-0.850448251,-0.519159493,-0.093610322,0.76445623,0.251240754,-0.273907623,1.567530509,1.077088318,0.379731044,-2.467984628,-1.093952444,-0.519159493,1.937217886,-0.319382614
215,215,-2.237583733,1.793092257,-0.095729008,0.870440532,-0.998857318,0.390232466,-0.336545587,-1.530000872,0.412469893,1.936307314,-0.124278043,-0.124278043,-1.706380285,-0.124278043,-0.124278043,-0.124278043,-2.559999586,4.529210049,-0.124278043,0.368198919,-0.089186787
216,216,-0.033246838,-0.499195674,-0.877866158,0.827693089,0.125276628,0.296745632,-0.057496853,1.427980966,0.355010452,1.320468008,0.002927649,0.002927649,0.406508714,0.002927649,0.002927649,0.002927649,0.002927649,-2.053367268,0.002927649,-0.94343215,-0.315572087
217,217,0.236193788,0.236193788,-0.985416145,0.236193788,0.236193788,1.25307332,0.236193788,0.94016759,1.28236194,0.236193788,-0.280395943,-2.925934264,0.730256003,-1.2692822,0.236193788,-1.377561165,1.02714745,0.824956918,0.236193788,-1.252807132,0.143883329
218,218,0.365241374,-0.958179601,0.083251546,-1.727659335,-1.226064334,0.083251546,-0.052447971,0.083251546,0.083251546,0.052137363,0.083251546,1.13003007,-0.256098144,0.083251546,0.839121563,0.207906249,0.083251546,0.083251546,0.083251546,0.79349731,0.083251546
219,219,0.342734059,0.13368274,-0.524162765,-0.783788215,0.13368274,1.414907511,0.13368274,-0.254033611,1.232803667,0.670382121,0.13368274,0.13368274,-1.897963729,0.152843832,-0.287146172,-2.137141717,-0.431525388,1.37631577,0.13368274,0.090549091,0.233129107
220,220,-1.231413957,-0.296171628,0.72985297,2.419921041,-2.314308133,-0.799563643,0.482571791,0.936168112,-0.296171628,2.997143378,-0.896223395,-1.626646361,-0.662646528,-0.296171628,-0.330150777,1.485400576,-0.296171628,-0.296171628,-1.019529218,1.368467995,-0.058185711
221,221,-3.628425426,0.162697272,0.387323377,0.162697272,1.675732155,-2.05906758,0.162697272,0.715149548,0.617964341,-2.536766239,-0.133253318,-0.004876008,1.618158002,0.162697272,1.256412283,0.053560379,0.162697272,0.162697272,0.162697272,0.841385787,0.057821795
222,222,-1.31202592,0.408326949,2.148512874,0.408326949,-0.634970105,-2.002037041,0.408326949,-1.768771992,-2.14098509,0.146839531,1.230161141,1.918091164,-1.900788526,0.408326949,1.934545896,0.917892226,0.408326949,0.408326949,0.408326949,-1.351935038,-0.042817761
223,223,0.639666125,0.077499071,-0.610790277,0.179725354,0.077499071,2.14104636,0.077499071,-0.211856207,-1.971422876,-0.336103206,1.648034993,0.065461242,0.601998949,0.688443465,-1.688240344,0.077499071,-0.527122955,-0.990903382,0.077499071,0.077499071,-0.092931668
224,224,2.596372642,-0.582074925,-0.508961874,-0.582074925,-2.560415968,-0.582074925,0.189872532,-1.700839518,-0.582074925,2.00415405,-0.582074925,0.595900058,-0.582074925,0.856630951,0.443019395,2.286021788,-0.582074925,-0.582074925,-0.582074925,1.576296342,-0.539376076
225,225,2.23231146,-0.348370115,0.912822933,-0.348370115,2.789491097,-3.001521017,1.490880565,-0.630702566,-0.348370115,1.022403857,-0.317773982,-2.20097727,-0.348370115,-0.348370115,0.686880856,0.970443825,-0.348370115,-0.348370115,-0.395239683,-1.047498981,-0.072930289
226,226,-3.979465394,3.505380678,1.454824026,-0.568717592,0.089584449,-0.202149487,1.304066641,0.195039648,0.348426118,-2.613951849,0.195039648,-0.608635574,0.195039648,0.195039648,0.195039648,0.195039648,0.248594947,-0.706989097,-0.412759972,0.776514572,0.195039648
227,227,-2.598532202,0.295092161,0.295092161,0.295092161,-0.316755712,1.899231716,0.295092161,-0.698297557,-0.586117536,-0.148388003,-0.934996262,-2.166468862,0.27459629,2.098109697,-1.264022896,1.032679869,0.295092161,0.489819789,0.295092161,0.820137145,0.328451556
228,228,0.143428648,-0.164987641,-1.311267302,0.672547704,-0.164987641,-1.171432788,-1.263839979,0.398908906,-0.164987641,-0.164987641,-0.164987641,-0.164987641,1.769913704,1.603887464,0.060177975,-0.164987641,1.268839624,-0.164987641,-0.164987641,-0.638859802,-0.047415389
229,229,-2.031636595,-0.255178691,-0.255178691,-0.255178691,-0.255178691,0.666804498,-0.255178691,-0.685084582,-0.255178691,0.756824607,1.01815706,-0.153468332,-0.255178691,-1.153797409,2.591403249,-0.212100109,1.447497036,0.617373513,-0.255178691,-0.565364718,-0.255178691
230,230,-0.473344836,-0.473344836,2.620855495,-0.473344836,-0.473344836,-0.120110486,-0.473344836,-0.09398455,1.805717226,-0.473344836,-0.473344836,0.359434901,-0.473344836,1.211255981,0.121736556,2.671140357,-1.00038786,-2.923719693,-0.473344836,0.003138315,-0.394972716
231,231,-0.886773572,-0.17743472,0.517953235,-0.048061546,1.578196949,-0.985948727,0.807719386,0.934163333,-1.633942574,0.165713611,-0.269768742,-0.269768742,-0.983988731,-0.269768742,-0.269768742,-0.269768742,1.396173887,1.265277853,-0.269768742,-0.175006647,-0.155429284
232,232,-0.163751688,-0.896769113,-0.163751688,-0.163751688,0.331067801,-0.163751688,0.422741084,-0.163751688,2.059076432,-2.10912213,-0.237541181,-0.177136612,-0.163751688,-0.988889887,-0.215332761,1.618531968,-0.163751688,1.444283134,-1.947253161,2.006357928,-0.163751688