,measurements_scaled_0_1,seq_rna,val_scaled
233,0.737185864,AAAGUAAGA,0.806642248
234,0.738149416,AAAGUAAGC,0.816298934
235,0.699324336,AAAGUAAGG,0.814734166
236,0.52393142,AAAGUAAGU,0.856104099
247,0.250871624,AAAGUACGA,0.732277328
248,0.374055117,AAAGUACGG,0.740369247
249,0.831931559,AAAGUACGU,0.781739179
263,0.687509037,AAAGUAGGU,0.760802386
276,0.442983609,AAAGUAUGU,0.765754451
346,0.752669631,AAAGUGAGU,0.755259879
685,0.811009766,AACGUAAGA,0.793840104
686,0.660814849,AACGUAAGC,0.80349679
687,0.607109209,AACGUAAGG,0.801932022
688,0.527181364,AACGUAAGU,0.843301955
700,0.311369923,AACGUACGA,0.719475185
701,0.418082324,AACGUACGC,0.729131871
702,0.352875269,AACGUACGG,0.727567103
703,0.692591576,AACGUACGU,0.768937035
718,0.457039923,AACGUAGGU,0.748000242
733,0.562732847,AACGUAUGU,0.752952307
807,0.218433802,AACGUGAGG,0.701087802
808,0.654078093,AACGUGAGU,0.742457734
822,0.355937548,AACGUGCGU,0.668092815
930,0.476844027,AAGGCAAGC,0.743019394
931,0.514340026,AAGGCAAGG,0.741454626
932,0.555541067,AAGGCAAGU,0.782824559
1027,0.462814828,AAGGCGAGU,0.681980338
1122,0.53668242,AAGGUAAAA,0.822386797
1123,0.573962206,AAGGUAAAC,0.832043483
1124,0.583817797,AAGGUAAAG,0.830478715
1125,0.528902193,AAGGUAAAU,0.871848648
1126,0.624991595,AAGGUAACA,0.818622237
1127,0.658340055,AAGGUAACC,0.828278923
1128,0.522320946,AAGGUAACU,0.868084088
1129,0.493077338,AAGGUAAGA,0.950538149
1130,0.504714139,AAGGUAAGC,0.960194835
1131,0.555377794,AAGGUAAGG,0.958630067
1132,0.574181944,AAGGUAAGU,1
1133,0.594761474,AAGGUAAUA,0.824233784
1134,0.591989123,AAGGUAAUC,0.83389047
1135,0.598936434,AAGGUAAUG,0.832325702
1136,0.525498039,AAGGUAAUU,0.873695635
1137,0.647948796,AAGGUACAA,0.748021878
1138,0.718205644,AAGGUACAC,0.757678564
1139,0.575052958,AAGGUACAG,0.756113796
1140,0.610260071,AAGGUACAU,0.797483728
1141,0.772616334,AAGGUACCA,0.744257317
1142,0.504308572,AAGGUACCC,0.753914004
1143,0.67359216,AAGGUACCU,0.793719168
1144,0.470005688,AAGGUACGU,0.92563508
1145,0.742467926,AAGGUACUA,0.749868864
1146,0.564524252,AAGGUACUC,0.75952555
1147,0.720734966,AAGGUACUG,0.757960783
1148,0.563907212,AAGGUACUU,0.799330715
1149,0.794956307,AAGGUAGAA,0.727085084
1150,0.717234078,AAGGUAGAC,0.73674177
1151,0.598318676,AAGGUAGAG,0.735177002
1152,0.698332451,AAGGUAGAU,0.776546934
1153,0.627250901,AAGGUAGCA,0.723320524
1154,0.627358534,AAGGUAGCC,0.73297721
1155,0.790183852,AAGGUAGCG,0.731412442
1156,0.758658539,AAGGUAGCU,0.772782374
1157,0.607295377,AAGGUAGGC,0.864893122
1158,0.514396305,AAGGUAGGU,0.904698287
1159,0.643974299,AAGGUAGUA,0.728932071
1160,0.737284839,AAGGUAGUC,0.738588757
1161,0.892051086,AAGGUAGUG,0.737023989
1162,0.654908832,AAGGUAGUU,0.778393921
1163,0.706533573,AAGGUAUAA,0.73203715
1164,0.600529213,AAGGUAUAC,0.741693836
1165,0.596395285,AAGGUAUAG,0.740129068
1166,0.672914251,AAGGUAUAU,0.781499
1167,0.778531665,AAGGUAUCA,0.728272589
1168,0.622023129,AAGGUAUCC,0.737929276
1169,0.603625359,AAGGUAUCU,0.77773444
1170,0.569770437,AAGGUAUGA,0.860188502
1171,0.577082213,AAGGUAUGC,0.869845188
1172,0.529417606,AAGGUAUGG,0.86828042
1173,0.472563869,AAGGUAUGU,0.909650352
1174,0.643502502,AAGGUAUUA,0.733884136
1175,0.67197004,AAGGUAUUC,0.743540823
1176,0.58497473,AAGGUAUUG,0.741976054
1177,0.583556326,AAGGUAUUU,0.783345987
1184,0.608584521,AAGGUCAGA,0.786992409
1185,0.710940254,AAGGUCAGC,0.796649095
1186,0.551402694,AAGGUCAGU,0.83645426
1188,0.213685241,AAGGUCAUC,0.67034473
1195,0.352530513,AAGGUCCGA,0.712627489
1196,0.405537474,AAGGUCCGC,0.722284175
1197,0.694641588,AAGGUCCGU,0.76208934
1200,0.30591756,AAGGUCCUG,0.594415042
1208,0.522728385,AAGGUCGGC,0.701347382
1209,0.596603751,AAGGUCGGG,0.699782614
1210,0.514328168,AAGGUCGGU,0.741152546
1222,0.423336975,AAGGUCUGA,0.696642761
1224,0.354773926,AAGGUCUGG,0.704734679
1225,0.652605737,AAGGUCUGU,0.746104612
1230,0.631093347,AAGGUGAAA,0.721542577
1231,0.674772445,AAGGUGAAC,0.731199263
1232,0.896672911,AAGGUGAAG,0.729634495
1233,0.669442973,AAGGUGAAU,0.771004427
1234,0.531849474,AAGGUGACA,0.717778017
1235,0.666570379,AAGGUGACC,0.727434703
1236,0.695885574,AAGGUGACG,0.725869935
1237,0.642706387,AAGGUGACU,0.767239867
1238,0.56093775,AAGGUGAGA,0.849693929
1239,0.68913338,AAGGUGAGC,0.859350615
1240,0.58835179,AAGGUGAGG,0.857785847
1241,0.517396006,AAGGUGAGU,0.899155779
1242,0.73295355,AAGGUGAUA,0.723389563
1243,0.775567128,AAGGUGAUC,0.73304625
1244,0.651756655,AAGGUGAUG,0.731481481
1245,0.753382414,AAGGUGAUU,0.772851414
1249,0.381546186,AAGGUGCCG,0.651505015
1250,0.323671208,AAGGUGCCU,0.692874948
1251,0.817663559,AAGGUGCGC,0.784985695
1252,0.383469844,AAGGUGCGG,0.783420927
1253,0.546865755,AAGGUGCGU,0.82479086
1255,0.247743758,AAGGUGCUG,0.657116562
1256,0.351603578,AAGGUGCUU,0.698486495
1257,0.322830442,AAGGUGGAA,0.626240864
1258,0.578435748,AAGGUGGAC,0.63589755
1259,0.569547232,AAGGUGGAU,0.675702714
1261,0.646373774,AAGGUGGGA,0.754392216
1262,0.64016527,AAGGUGGGC,0.764048902
1263,0.793808548,AAGGUGGGG,0.762484134
1264,0.56527917,AAGGUGGGU,0.803854066
1265,0.255299571,AAGGUGGUC,0.637744536
1266,0.276999387,AAGGUGGUG,0.636179768
1288,0.71196888,AAGGUUAGA,0.80310307
1289,0.729958059,AAGGUUAGC,0.812759756
1290,0.595451282,AAGGUUAGG,0.811194988
1291,0.609187018,AAGGUUAGU,0.85256492
1304,0.592390382,AAGGUUCGA,0.72873815
1305,0.582352091,AAGGUUCGC,0.738394836
1306,0.728228362,AAGGUUCGG,0.736830068
1307,0.664013104,AAGGUUCGU,0.778200001
1320,0.740130091,AAGGUUGGA,0.707801356
1321,0.518866601,AAGGUUGGC,0.717458043
1322,0.341235259,AAGGUUGGG,0.715893274
1323,0.532145182,AAGGUUGGU,0.757263207
1324,0.384424652,AAGGUUGUA,0.581496991
1336,0.547180448,AAGGUUUGA,0.712753422
1337,0.474678809,AAGGUUUGC,0.722410108
1338,0.497300384,AAGGUUUGG,0.72084534
1339,0.665964935,AAGGUUUGU,0.762215273
1599,0.706046325,AAUGUAAGA,0.755389354
1600,0.675371026,AAUGUAAGC,0.76504604
1601,0.739133575,AAUGUAAGG,0.763481272
1602,0.596415562,AAUGUAAGU,0.804851204
1616,0.274711073,AAUGUACGG,0.689116352
1617,0.697803374,AAUGUACGU,0.730486285
1631,0.329511602,AAUGUAGGU,0.709549491
1646,0.204731198,AAUGUAUGU,0.714501557
1725,0.426148118,AAUGUGAGU,0.704006984
2030,0.73921242,ACAGUAAGA,0.737405592
2031,0.632943027,ACAGUAAGC,0.747062278
2032,0.49981707,ACAGUAAGG,0.74549751
2033,0.57448052,ACAGUAAGU,0.786867442
2044,0.555581627,ACAGUACGU,0.712502523
2134,0.704722055,ACAGUGAGU,0.686023222
2338,0.243648099,ACCGCGGUA,0.184977708
2414,0.448553321,ACCGUAAGA,0.724603448
2415,0.649435537,ACCGUAAGC,0.734260134
2416,0.50324914,ACCGUAAGG,0.732695366
2417,0.560922997,ACCGUAAGU,0.774065299
2429,0.554596635,ACCGUACGU,0.699700379
2453,0.423765888,ACCGUAUGU,0.683715651
2511,0.525189296,ACCGUGAGU,0.673221078
2520,0.214624176,ACCGUGCGU,0.598856159
2687,0.499258471,ACGGUAAAA,0.753150141
2688,0.681068462,ACGGUAAAC,0.762806827
2689,0.677758601,ACGGUAACA,0.749385581
2690,0.640470552,ACGGUAACU,0.798847431
2691,0.486716557,ACGGUAAGA,0.881301493
2692,0.473623985,ACGGUAAGC,0.890958179
2693,0.450029702,ACGGUAAGU,0.930763344
2694,0.687434501,ACGGUAAUA,0.754997128
2695,0.679605295,ACGGUAAUC,0.764653814
2696,0.900331911,ACGGUAAUG,0.763089046
2697,0.641832944,ACGGUAAUU,0.804458978
2698,0.489017496,ACGGUACGU,0.856398424
2699,0.351295103,ACGGUACUU,0.730094059
2701,0.529494319,ACGGUAGGU,0.83546163
2702,0.307399931,ACGGUAGUA,0.659695414
2705,0.435442144,ACGGUAUAA,0.662800494
2707,0.498598896,ACGGUAUAU,0.712262344
2708,0.337203099,ACGGUAUCU,0.708497784
2709,0.72213701,ACGGUAUGC,0.800608532
2710,0.67588746,ACGGUAUGU,0.840413696
2711,0.384633434,ACGGUAUUA,0.66464748
2712,0.460462144,ACGGUAUUC,0.674304166
2713,0.443218564,ACGGUAUUU,0.714109331
2730,0.224351989,ACGGUGAAC,0.661962606
2731,0.27137518,ACGGUGAAU,0.701767771
2732,0.304512616,ACGGUGACU,0.698003211
2733,0.471810478,ACGGUGAGU,0.829919123
2735,0.246676024,ACGGUGAUG,0.662244825
2736,0.245396984,ACGGUGAUU,0.703614758
2753,0.598134821,ACGGUUAGU,0.783328264
2763,0.516506499,ACGGUUCGU,0.708963344
2780,0.362292776,ACGGUUUGU,0.692978616
3008,0.404146247,ACUGUAAGA,0.686152698
3009,0.570450264,ACUGUAAGC,0.695809383
3010,0.405124681,ACUGUAAGG,0.694244616
3011,0.518171166,ACUGUAAGU,0.735614548
3025,0.423856454,ACUGUACGU,0.661249628
3131,0.514287899,ACUGUGAGU,0.634770328
3452,0.527915129,AGAGUAAGA,0.708982269
3453,0.62354054,AGAGUAAGC,0.718638955
3454,0.451677676,AGAGUAAGG,0.717074187
3455,0.512963394,AGAGUAAGU,0.75844412
3466,0.203166689,AGAGUACGA,0.63461735
3467,0.251237637,AGAGUACGG,0.642709268
3468,0.609500068,AGAGUACGU,0.6840792
3541,0.205466578,AGAGUCGUC,0.333487137
3568,0.696480333,AGAGUGAGU,0.657599899
3893,0.457373091,AGCGUAAGA,0.696180125
3894,0.52066045,AGCGUAAGC,0.705836812
3895,0.408913396,AGCGUAAGG,0.704272043
3896,0.595266029,AGCGUAAGU,0.745641976
4319,0.460606694,AGGGUAAAA,0.724726818
4320,0.456819102,AGGGUAAAC,0.734383505
4321,0.505239979,AGGGUAAAG,0.732818736
4322,0.64450226,AGGGUAAAU,0.774188669
4323,0.346723302,AGGGUAACA,0.720962258
4324,0.260628521,AGGGUAACC,0.730618944
4325,0.560378643,AGGGUAAGA,0.85287817
4326,0.627106638,AGGGUAAGC,0.862534856
4327,0.560118616,AGGGUAAGG,0.860970088
4328,0.487598781,AGGGUAAGU,0.902340021
4329,0.655860029,AGGGUAAUA,0.726573805
4330,0.537723982,AGGGUAAUC,0.736230491
4331,0.579678048,AGGGUAAUG,0.734665723
4332,0.585117212,AGGGUAAUU,0.776035656
4341,0.627659958,AGGGUACGA,0.778513251
4342,0.623181204,AGGGUACGC,0.788169937
4352,0.586715726,AGGGUAGGA,0.757576457
4353,0.662238121,AGGGUAGGC,0.767233143
4355,0.550785724,AGGGUAGGU,0.807038307
4367,0.719756854,AGGGUAUGA,0.762528523
4368,0.562043597,AGGGUAUGC,0.772185209
4369,0.595970496,AGGGUAUGG,0.770620441
4370,0.610654883,AGGGUAUGU,0.811990373
4434,0.597953582,AGGGUGAGA,0.75203395
4435,0.222301321,AGGGUGAGC,0.761690636
4436,0.60850737,AGGGUGAGG,0.760125868
4437,0.530573609,AGGGUGAGU,0.8014958
4449,0.253533379,AGGGUGCGA,0.67766903
4451,0.254383151,AGGGUGCGG,0.685760948
4464,0.493598505,AGGGUGGGU,0.706194087
4494,0.394703719,AGGGUUAGU,0.754904941
4510,0.333073646,AGGGUUCGU,0.680540022
4696,0.349987587,AGUGCGUAA,0.121208713
4699,0.606104548,AGUGCGUAU,0.170670564
4701,0.219249157,AGUGCGUCC,0.12710084
4702,0.378686114,AGUGCGUCG,0.125536071
4703,0.204663548,AGUGCGUCU,0.166906004
4704,0.231169349,AGUGCGUGA,0.249360066
4708,0.38982453,AGUGCGUUC,0.132712387
4709,0.213749407,AGUGCGUUG,0.131147618
4766,0.397181717,AGUGUAAGA,0.657729375
4767,0.263908259,AGUGUAAGG,0.665821293
4768,0.593701497,AGUGUAAGU,0.707191225
5253,0.610100912,AUAGUAAGU,0.742881577
5373,0.27282118,AUAGUGAGU,0.642037356
5734,0.434294834,AUCGUAAGA,0.680617582
5735,0.503063817,AUCGUAAGC,0.690274268
5736,0.361625305,AUCGUAAGG,0.6887095
5737,0.502748124,AUCGUAAGU,0.730079433
5753,0.455286946,AUCGUACGU,0.655714513
5862,0.528884498,AUCGUGAGU,0.629235212
6210,0.59850369,AUGGUAAAA,0.709164275
6211,0.525833394,AUGGUAAAC,0.718820961
6212,0.562146678,AUGGUAAAG,0.717256193
6213,0.664966886,AUGGUAAAU,0.758626126
6214,0.464340733,AUGGUAACA,0.705399715
6215,0.420543087,AUGGUAACC,0.715056401
6216,0.567291985,AUGGUAACU,0.754861566
6217,0.570335048,AUGGUAAGA,0.837315627
6218,0.542007458,AUGGUAAGC,0.846972313
6219,0.537963341,AUGGUAAGG,0.845407545
6220,0.505253683,AUGGUAAGU,0.886777477
6221,0.664854878,AUGGUAAUA,0.711011262
6222,0.678773055,AUGGUAAUC,0.720667948
6223,0.619045227,AUGGUAAUG,0.71910318
6224,0.564972256,AUGGUAAUU,0.760473112
6232,0.672093039,AUGGUACGA,0.762950708
6233,0.673761959,AUGGUACGC,0.772607393
6234,0.663010711,AUGGUACGG,0.771042625
6235,0.53944021,AUGGUACGU,0.812412558
6238,0.342481825,AUGGUACUG,0.64473826
6246,0.691303031,AUGGUAGGA,0.742013914
6247,0.82497503,AUGGUAGGC,0.7516706
6248,0.463404961,AUGGUAGGG,0.750105832
6249,0.549836654,AUGGUAGGU,0.791475764
6261,0.713440129,AUGGUAUGA,0.746965979
6262,0.560530863,AUGGUAUGC,0.756622666
6263,0.61676442,AUGGUAUGG,0.755057897
6264,0.587321736,AUGGUAUGU,0.79642783
6280,0.557438874,AUGGUCAGU,0.723231737
6339,0.632337864,AUGGUGAGA,0.736471406
6340,0.460135553,AUGGUGAGC,0.746128093
6341,0.626603582,AUGGUGAGG,0.744563325
6342,0.583795266,AUGGUGAGU,0.785933257
6354,0.349713154,AUGGUGCGA,0.662106487
6356,0.427017126,AUGGUGCGG,0.670198405
6357,0.623436653,AUGGUGCGU,0.711568337
6372,0.62002873,AUGGUGGGU,0.690631544
6402,0.593278749,AUGGUUAGU,0.739342398
6417,0.4298126,AUGGUUCGU,0.664977478
6708,0.432519236,AUUGUAAGC,0.651823517
6710,0.568817625,AUUGUAAGU,0.691628682
6725,0.232190502,AUUGUACGU,0.617263763
6835,0.30544707,AUUGUGAGU,0.590784461
7177,0.619275416,CAAGUAAGA,0.801089157
7178,0.659299897,CAAGUAAGC,0.810745844
7179,0.807094932,CAAGUAAGG,0.809181075
7180,0.525008201,CAAGUAAGU,0.850551008
7192,0.590377821,CAAGUACGA,0.726724238
7193,0.536945102,CAAGUACGC,0.736380924
7194,0.56838287,CAAGUACGG,0.734816156
7195,0.626724502,CAAGUACGU,0.776186089
7210,0.618174993,CAAGUAGGU,0.755249295
7221,0.213685241,CAAGUAUGA,0.71073951
7222,0.213282099,CAAGUAUGC,0.720396196
7223,0.472389194,CAAGUAUGG,0.718831428
7224,0.727176369,CAAGUAUGU,0.760201361
7264,0.202814758,CAAGUCGGA,0.542241704
7298,0.618378923,CAAGUGAGU,0.749706788
7312,0.388024118,CAAGUGCGU,0.675341868
7554,0.249299448,CACGCGGUA,0.248661273
7641,0.637948536,CACGUAAGA,0.788287014
7642,0.658598214,CACGUAAGC,0.7979437
7643,0.799709296,CACGUAAGG,0.796378932
7644,0.503645727,CACGUAAGU,0.837748864
7654,0.225011892,CACGUACGA,0.713922094
7655,0.289372124,CACGUACGC,0.72357878
7656,0.364005573,CACGUACGG,0.722014012
7657,0.655586297,CACGUACGU,0.763383945
7672,0.307306479,CACGUAGGU,0.742447151
7688,0.635836474,CACGUAUGU,0.747399217
7760,0.251431472,CACGUGAGA,0.687442793
7762,0.22839632,CACGUGAGG,0.695534711
7763,0.55977653,CACGUGAGU,0.736904644
7778,0.466752812,CACGUGCGU,0.662539724
7880,0.330646447,CAGGCAAGA,0.727809617
7881,0.367286454,CAGGCAAGC,0.737466304
7882,0.489598415,CAGGCAAGG,0.735901535
7883,0.66221501,CAGGCAAGU,0.777271468
7984,0.589723637,CAGGCGAGU,0.676427248
8081,0.601951941,CAGGUAAAA,0.816833707
8082,0.632398966,CAGGUAAAG,0.824925625
8083,0.578224551,CAGGUAAAU,0.866295557
8084,0.518125245,CAGGUAACA,0.813069146
8085,0.551661674,CAGGUAACC,0.822725833
8086,0.603070628,CAGGUAACU,0.862530997
8087,0.504835659,CAGGUAAGA,0.944985059
8088,0.520960135,CAGGUAAGC,0.954641745
8089,0.634951917,CAGGUAAGG,0.953076977
8090,0.542105595,CAGGUAAGU,0.994446909
8091,0.566774169,CAGGUAAUA,0.818680693
8092,0.556963649,CAGGUAAUC,0.828337379
8093,0.579339248,CAGGUAAUU,0.868142544
8094,0.688981247,CAGGUACAC,0.752125473
8095,0.600782155,CAGGUACAU,0.791930638
8096,0.560722176,CAGGUACCA,0.738704227
8097,0.551547602,CAGGUACCC,0.748360913
8098,0.601098321,CAGGUACCG,0.746796145
8099,0.45424079,CAGGUACCU,0.788166077
8100,0.515602727,CAGGUACGA,0.870620139
8101,0.673736996,CAGGUACGC,0.880276825
8102,0.615856993,CAGGUACGG,0.878712057
8103,0.473979982,CAGGUACGU,0.92008199
8104,0.639077089,CAGGUACUA,0.744315774
8105,0.594806238,CAGGUACUG,0.752407692
8106,0.635793175,CAGGUACUU,0.793777624
8107,0.587987756,CAGGUAGAA,0.721531994
8108,0.659232059,CAGGUAGAG,0.729623911
8109,0.680427683,CAGGUAGAU,0.770993844
8110,0.514101551,CAGGUAGCA,0.717767433
8111,0.488529017,CAGGUAGCC,0.727424119
8112,0.628663242,CAGGUAGCG,0.725859351
8113,0.776469455,CAGGUAGCU,0.767229284
8114,0.543372433,CAGGUAGGC,0.859340032
8115,0.577982073,CAGGUAGGG,0.857775263
8116,0.554564079,CAGGUAGGU,0.899145196
8117,0.631981627,CAGGUAGUA,0.72337898
8118,0.743013794,CAGGUAGUC,0.733035666
8119,0.718788595,CAGGUAGUG,0.731470898
8120,0.657454949,CAGGUAGUU,0.772840831
8121,0.654246171,CAGGUAUAA,0.726484059
8122,0.696247763,CAGGUAUAC,0.736140745
8123,0.721689783,CAGGUAUAG,0.734575977
8124,0.61205052,CAGGUAUAU,0.77594591
8125,0.753030138,CAGGUAUCA,0.722719499
8126,0.683386832,CAGGUAUCC,0.732376185
8127,0.553877389,CAGGUAUCU,0.77218135
8128,0.620242226,CAGGUAUGA,0.854635411
8129,0.508965928,CAGGUAUGC,0.864292097
8130,0.571329987,CAGGUAUGG,0.862727329
8131,0.566271446,CAGGUAUGU,0.904097262
8132,0.542258634,CAGGUAUUA,0.728331046
8133,0.595859058,CAGGUAUUC,0.737987732
8134,0.532362001,CAGGUAUUU,0.777792897
8143,0.743507797,CAGGUCAGC,0.791096004
8144,0.618591058,CAGGUCAGG,0.789531237
8145,0.601873388,CAGGUCAGU,0.830901169
8156,0.283516224,CAGGUCCGA,0.707074399
8158,0.615584538,CAGGUCCGU,0.756536249
8168,0.70315492,CAGGUCGGC,0.695794291
8169,0.578730862,CAGGUCGGU,0.735599455
8182,0.541333758,CAGGUCUGA,0.691089671
8183,0.315074146,CAGGUCUGG,0.699181589
8184,0.661780254,CAGGUCUGU,0.740551521
8188,0.715295993,CAGGUGAAA,0.715989486
8189,0.649936891,CAGGUGAAG,0.724081404
8190,0.734730534,CAGGUGAAU,0.765451337
8191,0.612830669,CAGGUGACA,0.712224926
8192,0.609397346,CAGGUGACC,0.721881612
8193,0.647461877,CAGGUGACG,0.720316844
8194,0.573201743,CAGGUGAGA,0.844140838
8195,0.56334612,CAGGUGAGC,0.853797524
8196,0.524780286,CAGGUGAGG,0.852232756
8197,0.504158097,CAGGUGAGU,0.893602689
8198,0.621842885,CAGGUGAUA,0.717836473
8199,0.640567386,CAGGUGAUC,0.727493159
8200,0.743825525,CAGGUGAUG,0.725928391
8201,0.727094183,CAGGUGAUU,0.767298324
8203,0.273839156,CAGGUGCAU,0.691086417
8205,0.286800212,CAGGUGCCU,0.687321857
8206,0.622754777,CAGGUGCGC,0.779432605
8207,0.66798543,CAGGUGCGG,0.777867837
8208,0.655608577,CAGGUGCGU,0.819237769
8209,0.297733266,CAGGUGCUA,0.643471553
8211,0.253030324,CAGGUGCUU,0.692933404
8212,0.238185697,CAGGUGGAC,0.630344459
8213,0.272901157,CAGGUGGAU,0.670149623
8218,0.597402401,CAGGUGGGA,0.748839125
8219,0.573193695,CAGGUGGGG,0.756931043
8220,0.540773615,CAGGUGGGU,0.798300976
8221,0.360681354,CAGGUGGUA,0.62253476
8232,0.27852658,CAGGUGUGA,0.753791191
8233,0.611532299,CAGGUGUGG,0.761883109
8234,0.693602487,CAGGUGUGU,0.803253041
8247,0.656845927,CAGGUUAGA,0.797549979
8248,0.841417168,CAGGUUAGC,0.807206665
8249,0.616208603,CAGGUUAGG,0.805641897
8250,0.50191439,CAGGUUAGU,0.84701183
8263,0.390030962,CAGGUUCGA,0.723185059
8264,0.283433517,CAGGUUCGC,0.732841746
8265,0.517044752,CAGGUUCGG,0.731276977
8266,0.694122898,CAGGUUCGU,0.77264691
8277,0.583146762,CAGGUUGGA,0.702248266
8278,0.639809749,CAGGUUGGC,0.711904952
8279,0.356038989,CAGGUUGGG,0.710340184
8280,0.639355612,CAGGUUGGU,0.751710116
8281,0.46162944,CAGGUUGUA,0.575943901
8292,0.500093222,CAGGUUUGA,0.707200332
8293,0.389647908,CAGGUUUGC,0.716857017
8294,0.542381247,CAGGUUUGG,0.71529225
8295,0.531483739,CAGGUUUGU,0.756662182
8541,0.643571813,CAUGUAAGA,0.749836263
8542,0.692203648,CAUGUAAGC,0.759492949
8543,0.665341362,CAUGUAAGG,0.757928181
8544,0.553268714,CAUGUAAGU,0.799298114
8557,0.282168832,CAUGUACGG,0.683563261
8558,0.586475749,CAUGUACGU,0.724933194
8573,0.20139975,CAUGUAGGU,0.7039964
8588,0.209727364,CAUGUAUGU,0.708948466
8663,0.681107029,CAUGUGAGU,0.698453893
8839,0.221078213,CCAGCCGGC,0.265486292
8877,0.240075756,CCAGCGGUA,0.192226761
8956,0.476661247,CCAGUAAGA,0.731852501
8957,0.522574733,CCAGUAAGC,0.741509187
8958,0.409563379,CCAGUAAGG,0.739944419
8959,0.56504688,CCAGUAAGU,0.781314352
8969,0.560683929,CCAGUACGU,0.706949432
9325,0.501244219,CCCGUAAGA,0.719050357
9326,0.263138847,CCCGUAAGG,0.727142275
9327,0.552297804,CCCGUAAGU,0.768512208
9333,0.550528936,CCCGUACGU,0.694147289
9410,0.64333073,CCCGUGAGU,0.667667987
9564,0.516454636,CCGGUAAAA,0.74759705
9565,0.731882986,CCGGUAAAC,0.757253736
9566,0.645458942,CCGGUAAAU,0.797058901
9567,0.484729455,CCGGUAACC,0.753489176
9568,0.530046313,CCGGUAACU,0.793294341
9569,0.548838785,CCGGUAAGU,0.925210253
9570,0.688806616,CCGGUAAUA,0.749444037
9571,0.476568205,CCGGUAAUC,0.759100723
9572,0.600900108,CCGGUAAUU,0.798905887
9573,0.386406853,CCGGUACUA,0.675079117
9574,0.432188744,CCGGUACUU,0.724540968
9575,0.511458977,CCGGUAGGU,0.82990854
9580,0.316892808,CCGGUAUAC,0.666904089
9582,0.29299939,CCGGUAUAU,0.706709253
9583,0.549360049,CCGGUAUGU,0.834860606
9584,0.283132945,CCGGUAUUA,0.65909439
9585,0.316091528,CCGGUAUUC,0.668751076
9586,0.431851755,CCGGUAUUG,0.667186308
9587,0.386435672,CCGGUAUUU,0.70855624
9590,0.848482326,CCGGUCAGU,0.761664513
9601,0.233945125,CCGGUGAAU,0.69621468
9602,0.557438874,CCGGUGAGU,0.824366033
9604,0.217192468,CCGGUGAUU,0.698061667
9607,0.343982679,CCGGUGGGU,0.729064319
9611,0.212069137,CCGGUGUGU,0.734016385
9620,0.725182958,CCGGUUAGU,0.777775173
9641,0.265028743,CCGGUUUGU,0.687425526
9785,0.209779365,CCUGCGGUA,0.140973866
9868,0.404905978,CCUGUAAGA,0.680599607
9869,0.431898692,CCUGUAAGC,0.690256293
9871,0.546025001,CCUGUAAGU,0.730061457
9882,0.284660502,CCUGUACGC,0.615891373
9883,0.279621814,CCUGUACGG,0.614326605
9884,0.420098861,CCUGUACGU,0.655696538
9983,0.594807385,CCUGUGAGU,0.629217237
10261,0.592506049,CGAGUAAGA,0.703429179
10262,0.648325647,CGAGUAAGC,0.713085864
10263,0.575554941,CGAGUAAGG,0.711521097
10264,0.528285061,CGAGUAAGU,0.752891029
10276,0.522944668,CGAGUACGA,0.629064259
10277,0.240395896,CGAGUACGC,0.638720945
10278,0.213685241,CGAGUACGG,0.637156177
10293,0.26416207,CGAGUAGGU,0.657589316
10308,0.296356017,CGAGUAUGU,0.662541382
10366,0.628110154,CGAGUGAGU,0.652046809
10378,0.305593526,CGAGUGCGU,0.577681889
10540,0.258522376,CGCGCGAAG,0.252547939
10635,0.493755041,CGCGUAAGA,0.690627035
10636,0.558339283,CGCGUAAGC,0.700283721
10637,0.561752164,CGCGUAAGU,0.740088885
10645,0.504759597,CGCGUACGU,0.665723966
10670,0.444810559,CGCGUAUGU,0.649739238
10957,0.645249496,CGGGUAAAA,0.719173728
10958,0.507727691,CGGGUAAAC,0.728830414
10959,0.61572875,CGGGUAAAG,0.727265646
10960,0.606629764,CGGGUAAAU,0.768635578
10961,0.52488876,CGGGUAACA,0.715409167
10962,0.511644717,CGGGUAACU,0.764871018
10963,0.658239795,CGGGUAAGA,0.84732508
10964,0.494927025,CGGGUAAGC,0.856981766
10965,0.532850021,CGGGUAAGG,0.855416998
10966,0.443032938,CGGGUAAGU,0.89678693
10967,0.785175049,CGGGUAAUA,0.721020714
10968,0.693902612,CGGGUAAUC,0.7306774
10969,0.676761529,CGGGUAAUG,0.729112632
10970,0.624899629,CGGGUAAUU,0.770482565
10971,0.237950317,CGGGUACAG,0.652900726
10972,0.319354373,CGGGUACAU,0.694270659
10975,0.798447651,CGGGUACGA,0.77296016
10976,0.284813198,CGGGUACUA,0.646655795
10977,0.237135159,CGGGUACUC,0.656312481
10978,0.383019168,CGGGUACUG,0.654747713
10984,0.471964761,CGGGUAGGU,0.801485217
10993,0.799590133,CGGGUAUGA,0.756975432
10994,0.714587638,CGGGUAUGC,0.766632118
10995,0.677871527,CGGGUAUGG,0.76506735
10996,0.613202466,CGGGUAUGU,0.806437283
11011,0.452244754,CGGGUCCGU,0.65887627
11033,0.230560105,CGGGUGAAU,0.667791358
11036,0.772876205,CGGGUGAGG,0.754572777
11037,0.548565097,CGGGUGAGU,0.79594271
11047,0.593570115,CGGGUGGGU,0.700640996
11071,0.558738704,CGGGUUAGU,0.74935185
11083,0.473740343,CGGGUUCGU,0.674986931
11239,0.486725726,CGUGCGUAA,0.115655623
11240,0.382565513,CGUGCGUAC,0.125312309
11241,0.511439369,CGUGCGUAG,0.123747541
11242,0.616709728,CGUGCGUAU,0.165117474
11243,0.27698826,CGUGCGUCA,0.111891063
11244,0.288897451,CGUGCGUCC,0.121547749
11245,0.321963873,CGUGCGUCU,0.161352913
11247,0.403083481,CGUGCGUGG,0.251898893
11248,0.254377597,CGUGCGUGU,0.293268825
11250,0.426062223,CGUGCGUUC,0.127159296
11304,0.441036399,CGUGUAAGA,0.652176284
11305,0.555581627,CGUGUAAGC,0.66183297
11306,0.468500276,CGUGUAAGG,0.660268202
11307,0.592605182,CGUGUAAGU,0.701638135
11317,0.245938624,CGUGUACGA,0.577811365
11319,0.292772362,CGUGUACGG,0.585903283
11320,0.446756389,CGUGUACGU,0.627273215
11418,0.494946157,CGUGUGAGU,0.600793914
11455,0.324439766,CGUGUGUAU,0.382292915
11767,0.217912395,CUAGUAAGC,0.697523321
11769,0.629317327,CUAGUAAGU,0.737328486
12082,0.214692015,CUCGCCGGG,0.207133514
12222,0.366366161,CUCGUAAGA,0.675064491
12223,0.484593217,CUCGUAAGC,0.684721178
12224,0.223570488,CUCGUAAGG,0.683156409
12225,0.619033627,CUCGUAAGU,0.724526342
12237,0.286295084,CUCGUACGU,0.650161422
12341,0.550038731,CUCGUGAGU,0.623682122
12667,0.229811501,CUGGUAAAC,0.713267871
12668,0.307040851,CUGGUAAAG,0.711703102
12669,0.33075657,CUGGUAAAU,0.753073035
12673,0.52345953,CUGGUAAGA,0.831762536
12674,0.519271064,CUGGUAAGC,0.841419222
12675,0.557864075,CUGGUAAGG,0.839854454
12676,0.550262942,CUGGUAAGU,0.881224387
12678,0.228652249,CUGGUAAUC,0.715114857
12679,0.283039223,CUGGUAAUG,0.713550089
12680,0.228091008,CUGGUAAUU,0.754920022
12688,0.500132711,CUGGUACGA,0.757397617
12689,0.738247764,CUGGUACGG,0.765489535
12690,0.790832054,CUGGUACGU,0.806859467
12701,0.689921367,CUGGUAGGA,0.736460823
12702,0.365261224,CUGGUAGGG,0.744552741
12703,0.611180618,CUGGUAGGU,0.785922673
12714,0.527170462,CUGGUAUGA,0.741412889
12715,0.430581847,CUGGUAUGC,0.751069575
12716,0.55940261,CUGGUAUGG,0.749504807
12717,0.583491536,CUGGUAUGU,0.790874739
12731,0.442633714,CUGGUCAGU,0.717678647
12781,0.641055724,CUGGUGAGA,0.730918316
12782,0.229900256,CUGGUGAGC,0.740575002
12783,0.532602142,CUGGUGAGG,0.739010234
12784,0.53429315,CUGGUGAGU,0.780380166
12796,0.89685858,CUGGUGCGU,0.706015247
12806,0.737032993,CUGGUGGGU,0.685078453
12837,0.333330195,CUGGUUAGU,0.733789307
13134,0.250029625,CUUGUAAGC,0.646270427
13136,0.59645397,CUUGUAAGU,0.686075591
13379,0.247089902,GAAGCAAGA,0.545511868
13380,0.212417179,GAAGCAAGC,0.555168554
13406,0.201389173,GAAGCAGGU,0.499672005
13431,0.21994616,GAAGCCAGA,0.381966128
13451,0.213685241,GAAGCCGCC,0.164405188
13454,0.260453034,GAAGCCGGC,0.296321101
13458,0.207741195,GAAGCCUAC,0.173121814
13507,0.203453193,GAAGCGUUC,0.237670321
13535,0.208845691,GAAGCUCUG,0.205499421
13558,0.625046526,GAAGUAAGA,0.762687309
13559,0.679467461,GAAGUAAGC,0.772343995
13560,0.666570379,GAAGUAAGG,0.770779227
13561,0.570269597,GAAGUAAGU,0.81214916
13571,0.718751529,GAAGUACGA,0.688322389
13572,0.408557684,GAAGUACGC,0.697979076
13573,0.682868016,GAAGUACGU,0.73778424
13588,0.627135868,GAAGUAGGU,0.716847446
13600,0.314010986,GAAGUAUGA,0.672337662
13601,0.272957915,GAAGUAUGC,0.681994348
13602,0.451861037,GAAGUAUGG,0.68042958
13603,0.461857141,GAAGUAUGU,0.721799512
13665,0.692117654,GAAGUGAGU,0.71130494
13689,0.210305648,GAAGUGGUC,0.449893696
13740,0.229640749,GAAGUUGCG,0.396126522
13858,0.250443552,GACGCGCAG,0.23744115
13871,0.387670112,GACGCGGUA,0.210259425
13881,0.205469899,GACGCGUGC,0.351172542
13949,0.550735896,GACGUAAGA,0.749885165
13950,0.570272984,GACGUAAGC,0.759541851
13951,0.610702707,GACGUAAGG,0.757977083
13952,0.578107657,GACGUAAGU,0.799347016
13962,0.234425835,GACGUACGC,0.685176932
13963,0.238297334,GACGUACGG,0.683612164
13964,0.588055547,GACGUACGU,0.724982096
14004,0.23283252,GACGUCCAG,0.391915071
14019,0.22159951,GACGUCGCC,0.368778485
14060,0.282615964,GACGUGCGU,0.624137876
14153,0.28073415,GAGGCAAGA,0.689407769
14154,0.210960261,GAGGCAAGC,0.699064455
14156,0.595548682,GAGGCAAGU,0.73886962
14296,0.627016564,GAGGUAAAA,0.778431858
14297,0.593846194,GAGGUAAAC,0.788088544
14298,0.55129189,GAGGUAAAG,0.786523776
14299,0.584681421,GAGGUAAAU,0.827893709
14300,0.611062889,GAGGUAACA,0.774667298
14301,0.671755135,GAGGUAACU,0.824129149
14302,0.525018657,GAGGUAAGA,0.90658321
14303,0.521331646,GAGGUAAGC,0.916239896
14304,0.525016518,GAGGUAAGG,0.914675128
14305,0.482983198,GAGGUAAGU,0.956045061
14306,0.58320361,GAGGUAAUA,0.780278845
14307,0.65467906,GAGGUAAUG,0.788370763
14308,0.525130655,GAGGUAAUU,0.829740696
14309,0.692223342,GAGGUACAA,0.704066938
14310,0.602112504,GAGGUACAU,0.753528789
14311,0.678621238,GAGGUACCA,0.700302378
14312,0.481479226,GAGGUACCU,0.749764229
14313,0.563585347,GAGGUACGU,0.881680141
14314,0.62359433,GAGGUACUA,0.705913925
14315,0.753057502,GAGGUACUG,0.714005843
14316,0.560374885,GAGGUACUU,0.755375776
14317,0.438425521,GAGGUAGAA,0.683130145
14318,0.387438532,GAGGUAGAC,0.692786831
14319,0.421321085,GAGGUAGAG,0.691222063
14320,0.517779191,GAGGUAGAU,0.732591995
14322,0.407152068,GAGGUAGCU,0.728827435
14323,0.506436456,GAGGUAGGC,0.820938183
14324,0.564009753,GAGGUAGGU,0.860743348
14325,0.54846516,GAGGUAGUA,0.684977132
14326,0.387901706,GAGGUAGUC,0.694633818
14327,0.519306761,GAGGUAGUG,0.69306905
14328,0.365045621,GAGGUAGUU,0.734438982
14329,0.676945317,GAGGUAUAA,0.688082211
14330,0.746982692,GAGGUAUAC,0.697738897
14331,0.552020207,GAGGUAUAG,0.696174129
14332,0.709352598,GAGGUAUAU,0.737544061
14333,0.56982731,GAGGUAUCA,0.68431765
14334,0.874046323,GAGGUAUCC,0.693974337
14335,0.628256768,GAGGUAUCU,0.733779501
14336,0.594978688,GAGGUAUGC,0.825890249
14337,0.589183399,GAGGUAUGU,0.865695413
14338,0.61812054,GAGGUAUUA,0.689929197
14339,0.49716284,GAGGUAUUC,0.699585884
14340,0.596151904,GAGGUAUUU,0.739391048
14345,0.33367423,GAGGUCAGG,0.751129388
14346,0.456303553,GAGGUCAGU,0.792499321
14351,0.445395526,GAGGUCCGA,0.66867255
14352,0.716812043,GAGGUCCGU,0.718134401
14365,0.21796589,GAGGUCUGG,0.66077974
14366,0.69184932,GAGGUCUGU,0.702149673
14370,0.644178089,GAGGUGAAA,0.677587638
14371,0.563575122,GAGGUGAAC,0.687244324
14372,0.532544528,GAGGUGAAG,0.685679556
14373,0.675741656,GAGGUGAAU,0.727049488
14374,0.252121873,GAGGUGACC,0.683479764
14375,0.466097381,GAGGUGACU,0.723284928
14376,0.51885277,GAGGUGAGA,0.80573899
14377,0.689393003,GAGGUGAGU,0.85520084
14378,0.571905334,GAGGUGAUC,0.689091311
14379,0.491838673,GAGGUGAUG,0.687526542
14380,0.576800721,GAGGUGAUU,0.728896475
14383,0.547255817,GAGGUGCGA,0.73137407
14384,0.732635113,GAGGUGCGG,0.739465988
14385,0.670426767,GAGGUGCGU,0.780835921
14386,0.484184836,GAGGUGCUU,0.654531556
14388,0.233860945,GAGGUGGAU,0.631747775
14390,0.514049175,GAGGUGGGC,0.720093962
14403,0.470579154,GAGGUGUGC,0.725046028
14404,0.780739943,GAGGUGUGU,0.764851193
14416,0.399641665,GAGGUUAGA,0.759148131
14417,0.45308365,GAGGUUAGC,0.768804816
14419,0.624828133,GAGGUUAGU,0.808609981
14430,0.36208703,GAGGUUCGG,0.692875129
14439,0.465340277,GAGGUUGGA,0.663846417
14440,0.426944348,GAGGUUGGC,0.673503104
14442,0.666671815,GAGGUUGGU,0.713308268
14454,0.425146688,GAGGUUUGA,0.668798483
14455,0.32848015,GAGGUUUGC,0.678455169
14456,0.535085756,GAGGUUUGU,0.718260333
14543,0.250642848,GAUGCCCUG,0.138135866
14601,0.215005969,GAUGCGGAG,0.178053606
14696,0.490710439,GAUGUAAGA,0.711434415
14697,0.58417548,GAUGUAAGC,0.721091101
14698,0.400480336,GAUGUAAGG,0.719526333
14699,0.575641307,GAUGUAAGU,0.760896265
14709,0.414104032,GAUGUACGA,0.637069495
14710,0.354292731,GAUGUACGC,0.646726181
14711,0.430564861,GAUGUACGG,0.645161413
14712,0.596588276,GAUGUACGU,0.686531346
14818,0.378299882,GAUGUGCGU,0.585687125
15014,0.565065926,GCAGUAAGU,0.742912503
15074,0.224865375,GCAGUGAGU,0.642068283
15199,0.531747573,GCCGUAAGU,0.730110359
15324,0.720668131,GCGGUAAAU,0.758657052
15325,0.568025514,GCGGUAAUU,0.760504039
15446,0.249013099,GCUGUACGU,0.617294689
15508,0.238018388,GCUGUGAGU,0.590815389
15626,0.255179165,GGAGCCCUG,0.091728782
15648,0.216542244,GGAGCGAAG,0.226948234
15719,0.372868812,GGAGUAAGA,0.66502733
15720,0.342707746,GGAGUAAGC,0.674684016
15730,0.396608039,GGAGUACGU,0.640124261
15941,0.261008168,GGCGCGUAC,0.125361211
15942,0.381087081,GGCGCGUAU,0.165166376
16009,0.267944402,GGCGUACGU,0.627322117
16332,0.296028917,GGGGUAAAU,0.73023373
16335,0.589853489,GGGGUAAGG,0.817015149
16336,0.527603516,GGGGUAAGU,0.858385082
16337,0.2875397,GGGGUAAUA,0.682618866
16339,0.214922116,GGGGUAAUU,0.732080716
16346,0.504404226,GGGGUACGG,0.74265023
16355,0.219906682,GGGGUAGGC,0.723278204
16356,0.522458095,GGGGUAGGU,0.763083368
16367,0.298324384,GGGGUAUGA,0.718573584
16368,0.471925281,GGGGUAUGG,0.726665502
16369,0.7058,GGGGUAUGU,0.768035434
16419,0.689134903,GGGGUGAGU,0.757540861
16429,0.475896418,GGGGUGCGU,0.683175942
16512,0.291435902,GGUGCAACU,0.314144933
16513,0.257679262,GGUGCAAGA,0.396598994
16516,0.208137026,GGUGCAAGU,0.446060845
16520,0.368655949,GGUGCAGAA,0.173145929
16521,0.298295049,GGUGCAGAU,0.22260778
16526,0.57749114,GGUGCAGUA,0.174992916
16527,0.485893238,GGUGCAGUC,0.184649602
16528,0.476646076,GGUGCAGUG,0.183084834
16529,0.472621475,GGUGCAGUU,0.224454766
16530,0.315580439,GGUGCAUAA,0.178097995
16531,0.398083986,GGUGCAUAC,0.187754681
16533,0.587096569,GGUGCAUAU,0.227559846
16534,0.338246964,GGUGCAUCA,0.174333435
16535,0.419644977,GGUGCAUCC,0.183990121
16536,0.350899921,GGUGCAUCU,0.223795285
16537,0.361441755,GGUGCAUGA,0.306249347
16538,0.232309871,GGUGCAUGC,0.315906033
16539,0.349489435,GGUGCAUGG,0.314341265
16540,0.311215673,GGUGCAUGU,0.355711197
16542,0.372443974,GGUGCAUUC,0.189601668
16543,0.274558058,GGUGCAUUG,0.188036899
16544,0.315537637,GGUGCAUUU,0.229406832
16545,0.356028799,GGUGCCAAA,0.104901902
16546,0.273523861,GGUGCCAAC,0.114558588
16547,0.411549832,GGUGCCAAG,0.11299382
16548,0.344205855,GGUGCCAAU,0.154363753
16549,0.230903633,GGUGCCACA,0.101137342
16550,0.223869913,GGUGCCACC,0.110794028
16551,0.396768324,GGUGCCACG,0.10922926
16552,0.357484557,GGUGCCACU,0.150599193
16554,0.213201098,GGUGCCAUA,0.106748889
16556,0.317572568,GGUGCCAUG,0.114840807
16557,0.261401363,GGUGCCAUU,0.15621074
16558,0.375665328,GGUGCCCAG,0.0386289
16559,0.480791793,GGUGCCCAU,0.079998833
16561,0.344717251,GGUGCCCGA,0.158688335
16563,0.304574478,GGUGCCCUG,0.040475887
16565,0.470971092,GGUGCCGAA,0.009600189
16566,0.437703346,GGUGCCGAC,0.019256875
16568,0.373255222,GGUGCCGAU,0.05906204
16569,0.300928268,GGUGCCGCA,0.005835629
16570,0.366811745,GGUGCCGCU,0.055297479
16571,0.438881615,GGUGCCGGA,0.137751541
16572,0.387783564,GGUGCCGGC,0.147408227
16574,0.24180172,GGUGCCGGU,0.187213391
16575,0.591019263,GGUGCCGUA,0.011447175
16576,0.423256758,GGUGCCGUU,0.060909026
16577,0.352377635,GGUGCCUAC,0.024208941
16579,0.619584732,GGUGCCUAU,0.064014105
16580,0.287625715,GGUGCCUCA,0.010787695
16582,0.310490007,GGUGCCUCU,0.060249545
16583,0.49024958,GGUGCCUGA,0.142703606
16584,0.31871993,GGUGCCUGG,0.150795524
16585,0.493471208,GGUGCCUGU,0.192165457
16586,0.229780349,GGUGCCUUA,0.016399241
16588,0.267362826,GGUGCCUUG,0.024491159
16590,0.783000614,GGUGCGAAA,0.167603422
16591,0.644998434,GGUGCGAAC,0.177260108
16592,0.611256618,GGUGCGAAU,0.217065273
16593,0.620697856,GGUGCGACA,0.163838862
16594,0.682291224,GGUGCGACC,0.173495548
16595,0.623103842,GGUGCGACU,0.213300713
16596,0.852965574,GGUGCGAGA,0.295754774
16597,0.729715453,GGUGCGAGG,0.303846692
16598,0.704138652,GGUGCGAGU,0.345216624
16599,0.661620819,GGUGCGAUA,0.169450409
16600,0.660698438,GGUGCGAUC,0.179107095
16601,0.622290164,GGUGCGAUG,0.177542327
16602,0.684103101,GGUGCGAUU,0.218912259
16603,0.776048236,GGUGCGCAA,0.093238502
16604,0.552920782,GGUGCGCAG,0.10133042
16605,0.588636121,GGUGCGCAU,0.142700353
16606,0.523628754,GGUGCGCCA,0.089473942
16607,0.795255006,GGUGCGCCC,0.099130628
16608,0.728927989,GGUGCGCUA,0.095085489
16609,0.690859769,GGUGCGCUC,0.104742175
16610,0.725538769,GGUGCGCUU,0.14454734
16611,0.616278855,GGUGCGGAA,0.072301709
16612,0.616029525,GGUGCGGAU,0.121763559
16613,0.75364121,GGUGCGGCU,0.117998999
16614,0.628489769,GGUGCGGGA,0.200453061
16615,0.541698538,GGUGCGGGC,0.210109747
16616,0.856974176,GGUGCGGGG,0.208544979
16617,0.756365619,GGUGCGGGU,0.249914911
16618,0.670315528,GGUGCGGUA,0.074148695
16619,0.652208426,GGUGCGGUC,0.083805382
16620,0.713940612,GGUGCGGUU,0.123610546
16621,0.538808552,GGUGCGUAA,0.077253774
16622,0.518387587,GGUGCGUAC,0.086910461
16623,0.587045878,GGUGCGUAG,0.085345692
16624,0.480832246,GGUGCGUAU,0.126715625
16625,0.573391421,GGUGCGUCG,0.081581132
16626,0.5341322,GGUGCGUCU,0.122951065
16627,0.524266793,GGUGCGUGA,0.205405127
16628,0.599312326,GGUGCGUGG,0.213497045
16629,0.511151497,GGUGCGUGU,0.254866977
16630,0.545299029,GGUGCGUUA,0.079100761
16631,0.56751265,GGUGCGUUC,0.088757447
16632,0.552123564,GGUGCGUUU,0.128562612
16639,0.368913466,GGUGCUACG,0.125339921
16640,0.273939562,GGUGCUACU,0.166709853
16659,0.51497545,GGUGCUGUA,0.027557836
16660,0.340013507,GGUGCUGUC,0.037214522
16661,0.365437961,GGUGCUGUG,0.035649754
16664,0.374913903,GGUGCUUAC,0.040319601
16666,0.531252125,GGUGCUUAU,0.080124766
16667,0.300487656,GGUGCUUCA,0.026898355
16668,0.408789157,GGUGCUUCC,0.036555041
16669,0.387546275,GGUGCUUCG,0.034990273
16670,0.346060016,GGUGCUUCU,0.076360206
16671,0.326633155,GGUGCUUGA,0.158814267
16672,0.388329964,GGUGCUUGC,0.168470953
16673,0.252902325,GGUGCUUGG,0.166906185
16674,0.356831075,GGUGCUUGU,0.208276118
16677,0.293196029,GGUGCUUUG,0.04060182
16678,0.29547193,GGUGCUUUU,0.081971753
16688,0.630775186,GGUGUAAGU,0.663236286
16698,0.226646245,GGUGUACGU,0.588871366
16711,0.525942445,GGUGUAGUA,0.392168357
16746,0.326131363,GGUGUCCGA,0.375863776
16751,0.201663239,GGUGUCGAU,0.276237481
16755,0.273886798,GGUGUCGGA,0.354926982
16758,0.406729879,GGUGUCGUA,0.228622617
16775,0.457495118,GGUGUGAAA,0.384778863
16777,0.522062353,GGUGUGAAU,0.434240714
16780,0.398295733,GGUGUGACU,0.430476154
16784,0.468681875,GGUGUGAUA,0.38662585
16785,0.303361268,GGUGUGAUC,0.396282536
16786,0.461365862,GGUGUGAUU,0.436087701
16787,0.657675687,GGUGUGCAA,0.310413944
16789,0.531009723,GGUGUGCCA,0.306649383
16790,0.265616907,GGUGUGCCC,0.31630607
16791,0.622871896,GGUGUGCCU,0.356111234
16793,0.336586472,GGUGUGCGG,0.446657214
16794,0.525778159,GGUGUGCGU,0.488027146
16795,0.591171262,GGUGUGCUA,0.31226093
16796,0.294237289,GGUGUGCUG,0.320352848
16797,0.656417456,GGUGUGCUU,0.361722781
16798,0.614913937,GGUGUGGAA,0.28947715
16799,0.667479797,GGUGUGGAC,0.299133836
16800,0.710940205,GGUGUGGAU,0.338939001
16802,0.269203836,GGUGUGGCU,0.33517444
16805,0.461236216,GGUGUGGUC,0.300980823
16806,0.573014106,GGUGUGGUU,0.340785987
16807,0.605897318,GGUGUGUAA,0.294429216
16808,0.743306255,GGUGUGUAC,0.304085902
16809,0.714945254,GGUGUGUAG,0.302521134
16810,0.561944651,GGUGUGUAU,0.343891066
16811,0.642863289,GGUGUGUCA,0.290664656
16812,0.763021023,GGUGUGUCC,0.300321341
16813,0.701853627,GGUGUGUCG,0.298756574
16814,0.688477683,GGUGUGUCU,0.340126506
16815,0.735779414,GGUGUGUGC,0.432237254
16816,0.594306878,GGUGUGUUA,0.296276202
16817,0.695628737,GGUGUGUUC,0.305932888
16818,0.700686708,GGUGUGUUG,0.30436812
16819,0.643094436,GGUGUGUUU,0.345738053
16862,0.402191011,GGUGUUGUA,0.244733277
17119,0.644949389,GUAGUAAGU,0.698926637
17542,0.205390004,GUCGUAAGC,0.646319329
17544,0.595915529,GUCGUAAGU,0.686124494
17648,0.331922143,GUCGUGAGU,0.585280273
17953,0.211090585,GUGGUAAAC,0.674866022
17954,0.290381974,GUGGUAAAU,0.714671187
17957,0.259939028,GUGGUAACU,0.710906626
17958,0.608822641,GUGGUAAGA,0.793360688
17959,0.628764142,GUGGUAAGC,0.803017374
17960,0.490012435,GUGGUAAGU,0.842822538
17961,0.265605181,GUGGUAAUA,0.667056323
17963,0.26298639,GUGGUAAUU,0.716518173
17971,0.351097462,GUGGUACGA,0.718995768
17972,0.501984292,GUGGUACGC,0.728652454
17973,0.486442205,GUGGUACGG,0.727087686
17986,0.685604311,GUGGUAGGU,0.747520825
17996,0.334739116,GUGGUAUGA,0.70301104
17997,0.415136409,GUGGUAUGC,0.712667727
17998,0.435218275,GUGGUAUGG,0.711102958
17999,0.548179109,GUGGUAUGU,0.752472891
18063,0.488072417,GUGGUGAGG,0.700608385
18064,0.507596587,GUGGUGAGU,0.741978318
18075,0.225050011,GUGGUGCGA,0.618151548
18076,0.405723014,GUGGUGCGU,0.667613398
18085,0.341249537,GUGGUGGGU,0.646676605
18307,0.231345659,GUUGCGGAC,0.066395851
18400,0.587812328,GUUGUAAGU,0.647673743
18848,0.353043755,UAAGUAAGA,0.75308712
18849,0.481733156,UAAGUAAGC,0.762743807
18850,0.371103016,UAAGUAAGG,0.761179038
18851,0.54860746,UAAGUAAGU,0.802548971
18865,0.464165175,UAAGUACGU,0.728184051
18894,0.286137849,UAAGUAUGU,0.712199324
18966,0.639484509,UAAGUGAGU,0.701704751
19301,0.468473426,UACGUAAGA,0.740284977
19302,0.498598896,UACGUAAGC,0.749941663
19303,0.47661385,UACGUAAGG,0.748376895
19304,0.546505624,UACGUAAGU,0.789746827
19316,0.45116044,UACGUACGU,0.715381907
19421,0.57568625,UACGUGAGU,0.688902607
19535,0.357215317,UAGGCAAGU,0.729269431
19687,0.761126478,UAGGUAAAA,0.76883167
19688,0.648178565,UAGGUAAAC,0.778488356
19689,0.662839348,UAGGUAAAG,0.776923588
19690,0.554988057,UAGGUAAAU,0.81829352
19691,0.550634634,UAGGUAACA,0.765067109
19692,0.612830669,UAGGUAACC,0.774723795
19693,1,UAGGUAACG,0.773159027
19694,0.639170867,UAGGUAACU,0.81452896
19695,0.521255165,UAGGUAAGA,0.896983022
19696,0.536226836,UAGGUAAGC,0.906639708
19697,0.600074993,UAGGUAAGG,0.905074939
19698,0.572658688,UAGGUAAGU,0.946444872
19699,0.645753327,UAGGUAAUA,0.770678656
19700,0.686914445,UAGGUAAUC,0.780335342
19701,0.691037907,UAGGUAAUG,0.778770574
19702,0.671410072,UAGGUAAUU,0.820140507
19704,0.212357463,UAGGUACAU,0.7439286
19705,0.60628526,UAGGUACGU,0.872079953
19706,0.253105268,UAGGUACUA,0.696313737
19707,0.647848038,UAGGUACUG,0.704405655
19708,0.403202077,UAGGUACUU,0.745775587
19713,0.808170445,UAGGUAGGC,0.811337994
19714,0.514234727,UAGGUAGGG,0.809773226
19715,0.588163337,UAGGUAGGU,0.851143159
19721,0.259275952,UAGGUAUAC,0.688138708
19723,0.276706094,UAGGUAUAU,0.727943873
19726,0.338334965,UAGGUAUCU,0.724179312
19727,0.672480024,UAGGUAUGA,0.806633374
19728,0.548183935,UAGGUAUGC,0.81629006
19729,0.565075214,UAGGUAUGG,0.814725292
19730,0.50931234,UAGGUAUGU,0.856095225
19731,0.222271791,UAGGUAUUA,0.680329009
19732,0.294722001,UAGGUAUUG,0.688420927
19733,0.393602028,UAGGUAUUU,0.729790859
19738,0.809796346,UAGGUCAGU,0.782899132
19757,0.201491779,UAGGUCGGU,0.687597418
19784,0.574528752,UAGGUGAGC,0.805795487
19785,0.607060345,UAGGUGAGG,0.804230719
19786,0.575838508,UAGGUGAGU,0.845600652
19799,0.515791962,UAGGUGGGU,0.750298939
19811,0.226183849,UAGGUGUGU,0.755251004
19827,0.580106702,UAGGUUAGU,0.799009793
19839,0.421101225,UAGGUUCGU,0.724644873
20122,0.271911881,UAUGUAAGA,0.701834226
20123,0.401155411,UAUGUAAGC,0.711490912
20125,0.573636343,UAUGUAAGU,0.751296077
20138,0.243895913,UAUGUACGU,0.676931157
20482,0.319354373,UCAGUAAGC,0.69350715
20484,0.52784032,UCAGUAAGU,0.733312315
20574,0.362861304,UCAGUGAGU,0.632468094
20730,0.255375957,UCCGCGGUA,0.13142258
20801,0.391270345,UCCGUAAGA,0.67104832
20802,0.955735561,UCCGUAAGC,0.680705006
20803,0.587862108,UCCGUAAGU,0.720510171
20812,0.438091463,UCCGUACGU,0.646145251
20894,0.580812292,UCCGUGAGU,0.61966595
21029,0.343488476,UCGGUAAAA,0.699595013
21030,0.603478384,UCGGUAAAU,0.749056864
21031,0.55512411,UCGGUAAGC,0.837403051
21032,0.309586999,UCGGUAAUC,0.711098686
21033,0.712229177,UCGGUAAUU,0.75090385
21043,0.480296279,UCGGUGAGU,0.776363995
21272,0.227873149,UCUGUAAGC,0.642254256
21274,0.5661551,UCUGUAAGU,0.68205942
21388,0.295388422,UCUGUGAGU,0.5812152
21707,0.373733435,UGAGUAAGA,0.655427141
21708,0.528107811,UGAGUAAGC,0.665083827
21709,0.384551286,UGAGUAAGG,0.663519059
21710,0.599988092,UGAGUAAGU,0.704888992
21725,0.36522878,UGAGUACGU,0.630524073
21822,0.554482821,UGAGUGAGU,0.604044771
22138,0.366905299,UGCGUAAGA,0.642624997
22139,0.413660702,UGCGUAAGC,0.652281684
22140,0.407172743,UGCGUAAGG,0.650716915
22141,0.565008917,UGCGUAAGU,0.692086848
22154,0.340204244,UGCGUACGU,0.617721929
22251,0.55215831,UGCGUGAGU,0.591242628
22558,0.320527862,UGGGUAAAA,0.67117169
22559,0.381156114,UGGGUAAAC,0.680828377
22560,0.408427371,UGGGUAAAG,0.679263608
22561,0.53460667,UGGGUAAAU,0.720633541
22562,0.301132312,UGGGUAACA,0.66740713
22563,0.286074533,UGGGUAACC,0.677063817
22564,0.38035973,UGGGUAACU,0.716868981
22565,0.609961848,UGGGUAAGA,0.799323043
22566,0.583884878,UGGGUAAGC,0.808979729
22567,0.581675347,UGGGUAAGG,0.807414961
22568,0.522526906,UGGGUAAGU,0.848784893
22569,0.63127557,UGGGUAAUA,0.673018677
22570,0.455776672,UGGGUAAUU,0.722480528
22578,0.512071775,UGGGUACGA,0.724958123
22579,0.616336997,UGGGUACGC,0.734614809
22580,0.704025709,UGGGUACGG,0.733050041
22581,0.590423478,UGGGUACGU,0.774419973
22591,0.374659497,UGGGUAGGA,0.704021329
22592,0.360084738,UGGGUAGGC,0.713678015
22594,0.636634556,UGGGUAGGU,0.75348318
22605,0.535100309,UGGGUAUGC,0.718630081
22606,0.695953978,UGGGUAUGG,0.717065313
22607,0.588224604,UGGGUAUGU,0.758435246
22621,0.266860168,UGGGUCAGU,0.685239153
22667,0.800585163,UGGGUGAGA,0.698478822
22668,0.580531848,UGGGUGAGG,0.70657074
22669,0.510368658,UGGGUGAGU,0.747940673
22678,0.243972951,UGGGUGCGA,0.624113902
22680,0.528931232,UGGGUGCGU,0.673575753
22918,0.338806029,UGUGCGUAA,0.067653586
22921,0.63426008,UGUGCGUAU,0.117115436
22924,0.270273393,UGUGCGUCG,0.071980943
22926,0.201429019,UGUGCGUGA,0.195804938
22928,0.329729415,UGUGCGUGG,0.203896856
22986,0.217916496,UGUGUAAGA,0.604174247
22987,0.304954166,UGUGUAAGC,0.613830933
22989,0.590928137,UGUGUAAGU,0.653636098
23417,0.753163011,UUAGUAAGU,0.689326449
23807,0.552971731,UUCGUAAGU,0.676524305
23885,0.206906874,UUCGUCGGG,0.376306919
23915,0.374137564,UUCGUGAGU,0.575680084
24192,0.226286117,UUGGUAAAG,0.663701065
24193,0.26614231,UUGGUAAAU,0.705070998
24197,0.554759761,UUGGUAAGA,0.783760499
24198,0.483288116,UUGGUAAGC,0.793417185
24199,0.526208357,UUGGUAAGG,0.791852417
24200,0.460778621,UUGGUAAGU,0.83322235
24201,0.404146247,UUGGUAAUA,0.657456134
24204,0.249813897,UUGGUAAUU,0.706917985
24209,0.341919798,UUGGUACGC,0.719052266
24210,0.520839891,UUGGUACGU,0.75885743
24221,0.525026194,UUGGUAGGU,0.737920636
24233,0.38583798,UUGGUAUGA,0.693410852
24234,0.286445209,UUGGUAUGC,0.703067538
24235,0.561468299,UUGGUAUGG,0.70150277
24236,0.567606608,UUGGUAUGU,0.742872702
24291,0.591369935,UUGGUGAGG,0.691008197
24292,0.528690411,UUGGUGAGU,0.732378129
24299,0.210934178,UUGGUGCGG,0.616643277
24300,0.228948704,UUGGUGCGU,0.65801321
24605,0.622634274,UUUGUAAGU,0.638073554
10456,0.000843552,CGAGUUUAU,0.38695495
15469,0.001755686,GCUGUAUUU,0.475005596
17651,0.004983446,GUCGUGAUU,0.458975908
22934,0.00077639,UGUGCUAAC,0.12106906
3267,0.00203028,AGAGCAGUA,0.27020075
5914,0.001838735,AUCGUUAAG,0.413123068
10143,0,CGAGCCCAA,0.120191725
10117,0.002261432,CGAGCAUAC,0.277409424
11330,0.004642141,CGUGUAGGA,0.556874571
3721,0.007413274,AGCGCAUCU,0.306200975
15495,0,GCUGUCUAU,0.309612869
7407,0.003173057,CACGCAACA,0.43919566
4657,0.041093394,AGUGCGACC,0.217450487
13800,0.044430557,GACGCAUCU,0.359906015
21360,0.010286563,UCUGUCGUG,0.255537669
20121,0.00093581,UAUGUAACU,0.619380164
17715,0.019526467,GUCGUUCGA,0.414862643
1205,0.01174097,AAGGUCGCA,0.559774783
4505,0.005106922,AGGGUUCCG,0.507254177
2587,0.001874432,ACCGUUGCU,0.399412593
1568,0.000390366,AAUGCUGGA,0.29547712
11353,0.044828111,CGUGUCAAG,0.36857111
14719,0.000256178,GAUGUAGAG,0.496073267
4011,0.110497852,AGCGUGGAA,0.37188284
22715,0,UGGGUUACG,0.528063969
22022,0.001175607,UGCGCCUUA,0.045249803
2378,0.008356782,ACCGCUCUU,0.208785493
23515,0.001078927,UUAGUGAAA,0.410869025
2974,0.000994745,ACUGCUGAG,0.106181029
21093,0.013140737,UCUGCAGAA,0.191969063
9225,0.002186051,CCCGCCUUC,0.131331849
23532,0,UUAGUGCCU,0.382201397
13068,0.00156485,CUUGCUACA,0.140087308
1873,0.002694879,ACAGCAGUU,0.348085923
4192,0.022743443,AGGGCCGUC,0.260207596
18740,0.025986652,UAAGCGAAG,0.315008025
8030,0,CAGGCUAGC,0.590031224
9958,0.00107764,CCUGUCUAG,0.306644785
11677,0.00628486,CUAGCGGGA,0.27454526
18778,0.005288834,UAAGCGGUG,0.221553298
4693,0.030641533,AGUGCGGUC,0.127760321
19460,0.005589336,UACGUGUGG,0.557183027
23625,0.000993945,UUAGUUUUA,0.275775505
22058,0.020639367,UGCGCGGUG,0.111091175
478,0.011408192,AACGCAGAC,0.362868284
13663,0.001665301,GAAGUGAGC,0.671499775
4871,0.002426397,AGUGUCUGC,0.413490673
470,0.001756648,AACGCACCC,0.380040517
17141,0.001174095,GUAGUAGCU,0.471709012
3058,0.002022833,ACUGUAUUG,0.477590603
22174,0.001868386,UGCGUAUCA,0.420359438
1606,0.004618457,AAUGUAAUU,0.678546839
7813,0.001278539,CACGUUAAU,0.562162433
17312,0.000910855,GUAGUUGGG,0.414819912
20943,0.001446652,UCCGUUAUA,0.397308875
11889,0.002732564,CUAGUGCCC,0.390398269
10159,0.012637734,CGAGCCUCA,0.100442437
20014,0.014723819,UAUGCGCGA,0.309449645
10893,0.003374235,CGGGCGAAU,0.450615917
5502,0.002263044,AUCGCACCC,0.266817995
13048,0.019642009,CUUGCGGUG,0.105079919
18832,0,UAAGCUGCU,0.210720825
23214,0.001068426,UGUGUUUUA,0.240085154
12285,0.036842283,CUCGUCAUG,0.393306304
8563,0.00050012,CAUGUAGAA,0.526383198
17926,0.002715653,GUGGCUGAC,0.214953788
5576,0.097111128,AUCGCCGAU,0.125905186
14158,0.001725885,GAGGCAAUC,0.57276009
19972,0.001301539,UAUGCCGUA,0.099506966
15215,0.008469089,GCCGUAUGC,0.599955547
10542,0.065012572,CGCGCGACA,0.240691461
8437,0.003409727,CAUGCGCCA,0.22553577
20106,0.001186535,UAUGCUUGA,0.246874057
4251,0.002133646,AGGGCGUCU,0.362054799
13893,0.118046774,GACGCUACG,0.26145065
5884,0.121869735,AUCGUGGAU,0.405782147
11930,0.002984565,CUAGUUAAC,0.42193689
13614,0.042710825,GAAGUCAGU,0.648603419
6257,0.059452849,AUGGUAUAU,0.668276478
2754,0,ACGGUUAUA,0.607562048
21330,0.001925995,UCUGUCAGG,0.477143747
13591,0.002846596,GAAGUAGUU,0.590543081
16518,0.064224107,GGUGCAAUC,0.279951315
16291,0,GGGGCUCAC,0.251453125
18634,0.001869209,UAAGCAAUC,0.419264
10535,0.001639539,CGCGCCUUA,0.09325184
5196,0,AUAGCUCAA,0.126292934
22496,0.004498945,UGGGCGUUC,0.274306054
16422,0.002750238,GGGGUGAUU,0.631236496
17130,0.001378614,GUAGUACGC,0.584756553
20218,0.001178521,UAUGUCUAC,0.329444172
13333,0.005244697,CUUGUUCGC,0.424470428
14847,0.002387994,GAUGUGUUA,0.393936181
10368,0.099584984,CGAGUGAUC,0.485937279
16217,0.001351832,GGGGCCAUU,0.351359535
22948,0.001822586,UGUGCUGAA,0.016110661
21111,0.002504851,UCUGCAUGC,0.334729167
6843,0.00201589,AUUGUGCCA,0.335041779
16766,0.086823032,GGUGUCUCG,0.236055054
23416,0.001810435,UUAGUAAGG,0.647956516
16750,0.007326351,GGUGUCCUU,0.299021261
16278,0.002841439,GGGGCUAAG,0.324253276
14978,0,GCAGCUAUG,0.210627684
12743,0.009791563,CUGGUCCGU,0.643313727
17729,0.001246139,GUCGUUGCU,0.311471788
13981,0.00647531,GACGUAUCA,0.527619606
15499,0,GCUGUCUGA,0.388302371
2423,0,ACCGUACAC,0.531743862
8852,0.03051948,CCAGCCUGG,0.26887359
17637,0.049172313,GUCGUCUUC,0.266119576
19397,0.000394865,UACGUCUAG,0.366330155
9719,0.042243487,CCUGCCCGU,0.274975356
21161,0.024377622,UCUGCGAAU,0.235888407
21912,0.001200479,UGAGUUUAC,0.299147748
14225,0.003590589,GAGGCGAUU,0.511721034
4482,0.000679338,AGGGUGUUU,0.584841788
13674,0.105148029,GAAGUGCCC,0.465218943
10748,0.024669972,CGCGUGGUA,0.368176736
1070,0.001977426,AAGGCUACG,0.462103634
6032,0.000736575,AUGGCAUGG,0.537882456
22702,0.001978488,UGGGUGUGC,0.617785861
15008,0,GCAGUAAAA,0.565299301
12834,0.001665301,CUGGUUAGA,0.684327457
13544,0,GAAGCUGGC,0.312431761
3043,0.001138638,ACUGUAGUU,0.514008469
14634,0.017077774,GAUGCUACC,0.224564668
1099,0,AAGGCUGGA,0.490625915
20840,0.000870402,UCCGUAUUU,0.503856158
22711,0.000620012,UGGGUUAAG,0.531828529
11545,0.001439662,CUAGCACCG,0.27250228
17889,0.003728688,GUGGCGUGC,0.394648065
7961,0,CAGGCCUAA,0.345762878
13566,0.12227804,GAAGUACAG,0.568262956
5254,0.001024712,AUAGUAAUA,0.56711536
16905,0.001086579,GUAGCACUA,0.231620061
8912,0.009837231,CCAGCUCCA,0.160961148
506,0.002978612,AACGCAUUG,0.368102568
15986,0.001462978,GGCGCUUAU,0.118575516
5982,0,AUGGCAAGA,0.620140186
16956,0,GUAGCCCGC,0.204035372
1570,0.000751218,AAUGCUGGG,0.303569038
17107,0.001030757,GUAGCUUUG,0.076292171
17294,0.000415073,GUAGUUCCU,0.345210726
9210,0.062675864,CCCGCCGAC,0.124532797
11311,0.004942183,CGUGUACAA,0.449660012
2017,0.00912038,ACAGCUUGG,0.290537342
17101,0.00133705,GUAGCUUGA,0.194504618
4579,0.002019706,AGUGCAUAG,0.230144852
21332,0.004918616,UCUGUCAUA,0.342747464
23146,0.001453641,UGUGUGUGA,0.412980379
19120,0.00327196,UACGCAUCC,0.310500662
2485,0.138849727,ACCGUCGGC,0.47541268
7965,0.001711659,CAGGCCUCA,0.341998317
5769,0.000748114,AUCGUAGUA,0.459011503
11904,0.001425686,CUAGUGGCU,0.40926664
7739,0.001103924,CACGUCUAG,0.414332192
12640,0.002211725,CUGGCUGAU,0.293160801
17471,0.011387056,GUCGCGUGU,0.277755185
13131,0.001732474,CUUGUAACG,0.512789747
23363,0.003077647,UUAGCUAUU,0.198411562
13840,0.000799775,GACGCCUUC,0.162166657
18269,0.010771766,GUUGCCUCG,0.003317069
1741,0.00158279,AAUGUGCUA,0.453875849
3130,0.001199719,ACUGUGAGG,0.593400395
2714,0.003071125,ACGGUCAAU,0.639066251
16965,0.001602155,GUAGCCGCC,0.051182666
18240,0.004514535,GUUGCCCCC,0.020866565
17853,0.003778811,GUGGCGAAG,0.355281592
20226,0.000655815,UAUGUCUGC,0.457595524
7879,0,CAGGCAACU,0.645355556
17656,0.006171938,GUCGUGCGC,0.471110189
15966,0.028142482,GGCGCUCGU,0.262711596
8011,0.00239387,CAGGCGUCC,0.414356523
3993,0.023360456,AGCGUGACU,0.512881843
4426,0.006003994,AGGGUGAAA,0.623882598
17494,0.010453956,GUCGCUCAU,0.118997701
5558,0.006040405,AUCGCCAUU,0.223053886
17850,0.001148845,GUGGCCUUU,0.245447344
2187,0.003029559,ACAGUUAGG,0.59806243
10982,0.026917614,CGGGUAGAG,0.631963932
4450,0.001191076,AGGGUGCGC,0.687325716
13700,0.102138445,GAAGUGUGC,0.581150127
17329,0.000809414,GUAGUUUUU,0.334837545
23129,0.000427954,UGUGUGGCG,0.284204319
15266,0.055304123,GCCGUGUUG,0.371242194
2521,0.008063561,ACCGUGCUA,0.423089942
16753,0.051022485,GGUGUCGCC,0.232667756
10445,0.002732564,CGAGUUGCU,0.378238324
7323,0.000411849,CAAGUGGCU,0.522489162
7402,0.000910855,CAAGUUUUA,0.437000065
835,0.000109303,AACGUGGGC,0.607350857
13233,0.001024712,CUUGUCUAG,0.262658919
5116,0.000897701,AUAGCCUUA,0.096044532
16065,0.007827313,GGCGUGAAA,0.423229614
8231,0.012866816,CAGGUGUCU,0.671337129
8854,0.001955989,CCAGCCUUA,0.134477307
19088,0,UACGCACAA,0.320593264
16224,0.120462226,GGGGCCGAC,0.21440567
6175,0.000930816,AUGGCUCUA,0.272035821
13878,0.106842621,GACGCGUCA,0.209599944
4995,0.001238925,AGUGUUUUC,0.303296968
9384,0.089417157,CCCGUCGAA,0.332051552
9946,0.002553461,CCUGUCGCC,0.299492927
11222,0.006566043,CGUGCGCUA,0.133487337
8160,0.008472861,CAGGUCCUC,0.59042672
130,0,AAAGCGAGU,0.538084437
1477,0.005816753,AAUGCGAGG,0.44546161
13534,0.123408457,GAAGCUCUC,0.20706419
15749,0.065069185,GGAGUAUGU,0.624139533
8775,0.005094387,CCAGCAAAU,0.435987559
22618,0.002351214,UGGGUCACU,0.553323241
6472,0.002316371,AUUGCACAU,0.271936969
13448,0.133966273,GAAGCCGAC,0.168169748
11739,0.001003217,CUAGCUGGU,0.277416252
22337,0.001017549,UGCGUUUCU,0.322386209
8639,0.000546513,CAUGUCUAU,0.417251374
13307,0.000960215,CUUGUGUUU,0.368577358
17254,0.000973345,GUAGUGGUA,0.327014488
16417,0.056232958,GGGGUGAGA,0.708079011
22107,0.000830475,UGCGCUGCA,0.050796851
2575,0.002641512,ACCGUUCCU,0.420349387
9328,0.002802579,CCCGUAAUA,0.592745992
1052,0,AAGGCGUCA,0.410252928
11856,0.000890355,CUAGUCUAA,0.305819896
6731,0.001294373,AUUGUAGAC,0.428370452
10369,0.050388181,CGAGUGAUG,0.484372511
22040,0,UGCGCGCAU,0.171550915
16328,0.001229421,GGGGCUUUG,0.235750615
5931,0.005172672,AUCGUUCAU,0.380128081
10352,0.002413914,CGAGUCUGU,0.498995641
13724,0.010797467,GAAGUUCCA,0.408971398
16157,0.005143282,GGCGUUUUC,0.29779278
7802,0.004395302,CACGUGUGA,0.597093146
21361,0.001411434,UCUGUCGUU,0.296907602
8316,0.00201589,CAUGCACCC,0.336036676
16713,0.009097664,GGUGUAUAA,0.395273436
10840,0,CGGGCACUU,0.478942204
15242,0.063154715,GCCGUCUUC,0.310105442
9408,0.00385199,CCCGUGAGA,0.618206137
13104,0.000607236,CUUGCUGGG,0.184793425
2797,0.00596048,ACUGCAAUG,0.350764809
9033,0.003259738,CCAGUCGUU,0.396162533
1998,0.002785285,ACAGCUGCU,0.195039296
11443,0.002660102,CGUGUGGCG,0.332206356
5172,0.002273247,AUAGCGUGA,0.285050417
21784,0.054289699,UGAGUCGAC,0.278085022
22225,0.011215085,UGCGUCUAC,0.270234944
15171,0.003526467,GCCGCUAUU,0.239195473
19511,0.002538588,UACGUUGUG,0.379335736
5465,0.001240024,AUAGUUGUC,0.334035254
1868,0,ACAGCAGGG,0.433020355
13346,0.002533817,CUUGUUGCG,0.270052954
21499,0.00211715,UGAGCAAAC,0.319757034
21420,0.001946932,UCUGUGUAC,0.322909036
5664,0.003254715,AUCGCGUUU,0.322909036
7497,0.028478755,CACGCCGGU,0.195405758
10337,0.012177463,CGAGUCGCU,0.361725969
403,0.001403438,AAAGUUAGG,0.362127664
5856,0.001639539,AUCGUGACC,0.667299086
22078,0.002828805,UGCGCUACA,0.457514135
11229,0,CGUGCGGCA,0.146098564
19511,0.002538588,UACGUUGUG,0.106938997
23228,0,UUAGCAAUC,0.379335736
23669,0,UUCGCAUGC,0.306041478
22554,0.000588665,UGGGCUUUA,0.329194052
9890,0.00149049,CCUGUAGAG,0.218058509
17938,0.000736575,GUGGCUUAA,0.465238459
20007,0.000707634,UAUGCGCAA,0.210249167
5280,0.001692392,AUAGUAGGC,0.181298293
16983,0,GUAGCCUGG,0.607774699
19130,0.001538824,UACGCAUUU,0.186485876
6361,0.035557613,AUGGUGGAA,0.355917373
6773,0.00251699,AUUGUCAUC,0.513018341
21648,0.029857632,UGAGCGUGG,0.361973412
14286,0.001227814,GAGGCUUCA,0.25514975
20258,0.002623419,UAUGUGCGG,0.319707129
10436,0.027871988,CGAGUUCUC,0.534717004
18316,0.041779273,GUUGCGGUG,0.3649815
17199,0.003144191,GUAGUCGUC,0.06667807
21183,0.002075752,UCUGCGGCU,0.273969654
6308,0.094021506,AUGGUCGGA,0.136822133
10373,0,CGAGUGCCA,0.578468173
20980,0.002087283,UCCGUUUCA,0.396304126
5661,0.001432449,AUCGCGUUA,0.301347681
15155,0.018104352,GCCGCCUGU,0.145943908
21603,0.008470949,UGAGCGAAU,0.25903953
15170,0,GCCGCUAUA,0.258717978
18661,0.001707853,UAAGCAGGC,0.189733623
8729,0.001916893,CAUGUUCAC,0.450266652
6118,0,AUGGCGCUC,0.409541598
9337,0.004910502,CCCGUACUU,0.328283367
1883,0,ACAGCAUGC,0.567842923
9289,0.094497167,CCCGCUCGC,0.439537189
9894,0.001563344,CCUGUAGCU,0.289731603
10805,0.001856532,CGCGUUGGU,0.502843832
21422,0,UCUGUGUAU,0.497352092
23238,0,UUAGCACUG,0.3627142
3202,0.002290921,ACUGUUCCC,0.23011179
18887,0.000815511,UAAGUAUAG,0.342093472
2048,0.006495648,ACAGUACUU,0.542678039
16564,0.009695768,GGUGCCCUU,0.586198158
16782,0.005465128,GGUGUGAGC,0.08184582
6508,0.001024712,AUUGCAUGU,0.522586901
7157,0.001895744,CAAGCUGAG,0.384103593
2704,0.023913348,ACGGUAGUU,0.221117489
22202,0,UGCGUCCCC,0.709157265
6895,0.000921057,AUUGUUAUA,0.282455112
13898,0.005870485,GACGCUAUA,0.368427386
22002,0.073121841,UGCGCCGAG,0.258970279
6476,0.009341931,AUUGCACGA,0.046542669
23507,0.001533626,UUAGUCUCU,0.350626471
6245,0.002303875,AUGGUAGCU,0.303515149
7731,0.143598876,CACGUCGGG,0.659559852
22280,0.001195497,UGCGUGUUA,0.537531478
3001,0.002671066,ACUGUAAAA,0.325126764
7716,0.126019501,CACGUCCGG,0.558001345
12015,0.012767306,CUCGCACUG,0.558468272
20742,0.108960866,UCCGCGUUC,0.265311683
22709,0.000523257,UGGGUUAAA,0.146031332
20303,0.001037307,UAUGUUAGG,0.523736611
4694,0.026993668,AGUGCGGUG,0.562491064
4689,0.023226796,AGUGCGGGC,0.126195553
11896,0.001810435,CUAGUGCUG,0.254064686
10172,0.075142205,CGAGCGAGA,0.394445048
4175,0.002735851,AGGGCCCAU,0.385409517
281,0.003935729,AAAGUCAAC,0.319102568
2327,0.036161992,ACCGCGCAU,0.524601842
997,0.007582701,AAGGCCGAU,0.253529365
1682,0.002382152,AAUGUCGAA,0.395825753
20804,0.003326548,UCCGUAAUA,0.368390548
3344,0.049163654,AGAGCGAAC,0.544743955
4147,0.002885156,AGGGCAUCG,0.272467942
9978,0.066412609,CCUGUGACG,0.421529087
19793,0,UAGGUGCUA,0.455931392
9801,0.143966231,CCUGCGUUC,0.595469516
197,0.000683141,AAAGCUCAC,0.155582619
18178,0.005539237,GUUGCACAG,0.249172142
14090,0.001868967,GACGUUAAU,0.186612098
79,0,AAAGCCCAA,0.523760584
14548,0.143966231,GAUGCCGAU,0.223404795
12083,0.034189639,CUCGCCGGU,0.156722018
1606,0.004618457,AAUGUAAUU,0.248503447
5594,0.009679311,AUCGCCUCU,0.678546839
624,0.001821709,AACGCUAGA,0.127092691
20128,0.00111585,UAUGUAAUU,0.429229584
7396,0.001637435,CAAGUUUAU,0.624991711
15773,0.160484307,GGAGUCGAC,0.484614929
3761,0.018998394,AGCGCCGGU,0.287685211
9663,0.001173638,CCUGCACCU,0.269619081
21673,0.001292612,UGAGCUGCA,0.306605184
19504,0.001505699,UACGUUGCU,0.063598995
13808,0.11931802,GACGCCAAC,0.415094122
575,0.006383653,AACGCGCAA,0.250669318
23680,0.036323577,UUCGCCAUC,0.273304171
21141,0.030526463,UCUGCCGUG,0.129693593
18629,0.010156555,UAAGCAAGA,0.038362227
15360,0.001249621,GCUGCAUUU,0.535911679
7191,0.014961672,CAAGUACCU,0.257830155
9066,0.009712966,CCAGUGCCU,0.644270176
4899,0.040068189,AGUGUGCGA,0.4741893
1625,0.000745245,AAUGUAGCC,0.482520235
16973,0.002062679,GUAGCCGUU,0.537828414
20766,0.007660383,UCCGCUCUU,0.096599377
421,0.004856483,AAAGUUCUC,0.155230365
510,0.017465151,AACGCCAAG,0.46819457
17281,0.000824234,GUAGUUAGG,0.293059489
4080,0.005539765,AGCGUUGGG,0.510121625
12380,0.002702142,CUCGUGUCU,0.46153525
1881,0.003795061,ACAGCAUCU,0.401416562
7242,0.003735763,CAAGUCAUU,0.347426442
13019,0.002070374,CUUGCGAUU,0.560700903
22675,0.01106876,UGGGUGCCA,0.241751564
14037,0.048988245,GACGUCUUA,0.49219799
3990,0.003723265,AGCGUGACA,0.369685412
6723,0.028876384,AUUGUACGC,0.463419993
19505,0.053858828,UACGUUGGA,0.577458598
10238,0.001674026,CGAGCUUAA,0.497548184
6816,0.000263243,AUUGUCUGA,0.120317658
16830,0.002154353,GGUGUUAGU,0.388271443
15516,0,GCUGUGCUU,0.515801206
9308,0.001859956,CCCGCUUAG,0.390146104
21008,0,UCGGCCUUU,0.144030755
15218,0,GCCGUAUUA,0.279833021
3878,0.003042748,AGCGCUUCU,0.463994496
19858,0,UAGGUUGUU,0.158765895
6641,0.000872095,AUUGCUAAU,0.577403714
3629,0.037351389,AGAGUUCAU,0.198866809
6493,0.000512871,AUUGCAGGG,0.408492768
16637,0.179957788,GGUGCUACA,0.337781595
9296,0.001351479,CCCGCUGAU,0.117248002
10097,0.002570826,CGAGCAAUA,0.180448622
19272,0,UACGCUGGC,0.359949372
19791,0,UAGGUGCCC,0.290029429
20790,0.000546513,UCCGCUUGU,0.599514655
6416,0.085304498,AUGGUUCGG,0.265550003
16651,0.002105157,GGUGCUGCA,0.623607546
17885,0.001101658,GUGGCGUCA,0.021946289
17099,0.002885156,GUAGCUUCG,0.253075467
6854,0.046666892,AUUGUGGAC,0.070680624
15748,0.044402128,GGAGUAUGC,0.327526232
22150,0.005222989,UGCGUACCU,0.584334369
18112,0.000981588,GUGGUUAGA,0.485806016
7529,0.018652392,CACGCGCAA,0.645925608
18028,0.013849413,GUGGUCGAA,0.26775108
6741,0.000881426,AUUGUAGUA,0.406361882
18320,0.00126441,GUUGCGUAG,0.420560753
7201,0.002167564,CAAGUAGAC,0.069783149
852,0.018737583,AACGUGUGG,0.587292779
3126,0.002040966,ACUGUGACA,0.610738154
18089,0.002999296,GUGGUGGUU,0.453392565
9374,0.041806553,CCCGUCAUG,0.52037224
15685,0.006172519,GGAGCUAGA,0.43729217
10399,0.010803047,CGAGUGUCA,0.300416809
23184,0.003152712,UGUGUUCUG,0.380319398
11711,0.001111571,CUAGCUAUC,0.264161801
8428,0.002382152,CAUGCGAGU,0.206608435
10283,0.000745245,CGAGUAGAA,0.481278452
11382,0.144975345,CGUGUCGAC,0.479976113
3207,0.029447638,ACUGUUCGG,0.274834165
17039,0.001478272,GUAGCGUCA,0.472444616
15329,0,GCGGUGUUU,0.109179565
18417,0.00150888,GUUGUAGAA,0.569310171
17488,0.005486167,GUCGCUAUC,0.374758827
11703,0.001537067,CUAGCUACA,0.155404443
22895,0.009128622,UGUGCGCCG,0.191340202
20685,0.003029559,UCCGCAUCA,0.087965672
16034,0.005344454,GGCGUCACU,0.231607319
3153,0.070506103,ACUGUGGAU,0.406225384
8820,0.064483006,CCAGCCAAG,0.411317262
2435,0,ACCGUAGAU,0.231071886
23276,0,UUAGCCCCG,0.550612233
6046,0.000822925,AUGGCCAGA,0.060954503
22847,0.038379231,UGUGCCGAA,0.456594445
12204,0.002943797,CUCGCUUCC,0
2374,0,ACCGCUCCU,0.097845097
20364,0,UCAGCACCA,0.203173946
10125,0.035253051,CGAGCAUGG,0.260394191
12377,0.003643419,CUCGUGUCA,0.403996008
20307,0.000810761,UAUGUUAUG,0.351954711
18406,0.002826791,GUUGUACAG,0.436186699
21095,0.00465626,UCUGCAGCA,0.403787539
17013,0,GUAGCGCGC,0.188204503
4473,0.006623543,AGGGUGUCC,0.266736892
18666,0.002075752,UAAGCAGUG,0.539425076
17579,0.003369606,GUCGUAUGC,0.322397518
5976,0.00089031,AUGGCAAAC,0.555969681
5978,0.001366768,AUGGCAAAU,0.50164552
14927,0,GCAGCAGUU,0.541450684
11376,0.066155525,CGUGUCCGU,0.304130984
16651,0.002105157,GGUGCUGCA,0.463727475
23440,0,UUAGUAGCU,0.021946289
15405,0.003183992,GCUGCUAUG,0.462108823
17243,0.001173638,GUAGUGCUG,0.15937479
6551,0.002220401,AUUGCCGCU,0.356043199
6738,0.001336115,AUUGUAGGC,0.083689875
15063,0,GCAGUCUCU,0.556521804
3482,0.053581417,AGAGUAGGU,0.357101203
20159,0.001143864,UAUGUAUCA,0.663142407
9061,0.00736805,CCAGUGAUU,0.479568666
16349,0.001445355,GGGGUAGAA,0.554165766
20906,0.143966231,UCCGUGGAA,0.585470166
22262,0.025087429,UGCGUGGAA,0.346751035
4788,0.000669199,AGUGUAGAG,0.318327712
19168,0,UACGCCUAC,0.442368228
21101,0.035991558,UCUGCAGUC,0.150719481
15313,0,GCGGCGUUU,0.203472736
14900,0.007800229,GAUGUUUAC,0.35213473
6345,0.034938222,AUGGUGAUG,0.355155022
1015,0,AAGGCCUUG,0.618258959
22729,0.000917848,UGGGUUCCA,0.361254873
21779,0,UGAGUCCUA,0.445607131
22160,0.000945726,UGCGUAGAC,0.291212116
18512,0.00133776,GUUGUGAUA,0.428828618
3768,0.001576479,AGCGCCUAU,0.371063307
1795,0.002792848,AAUGUUCAU,0.146419795
22636,0.001683601,UGGGUCCUU,0.454899853
2318,0.057380943,ACCGCGACA,0.484569868
7564,0.051357021,CACGCGUGA,0.274667874
18967,0.001789635,UAAGUGAUA,0.379917704
9342,0.001977127,CCCGUAGCU,0.525938535
7508,0.01072006,CACGCCUCU,0.541294582
756,0.081998398,AACGUCCAG,0.234762123
362,0.001803492,AAAGUGCUG,0.43587001
5535,0.006018254,AUCGCAUGA,0.513220661
9932,0.03988949,CCUGUCCAG,0.373092493
15420,0.000585549,GCUGCUGUU,0.322629513
6764,0.001114321,AUUGUCACA,0.105443009
10231,0,CGAGCUGGA,0.346705179
2661,0,ACGGCUAGA,0.243516944
3410,0.006334581,AGAGCUAUC,0.516690972
7244,0.041493743,CAAGUCCAG,0.227724069
6127,0.001847383,AUGGCGGCU,0.443119064
6330,0.002457923,AUGGUCUUU,0.34154019
16735,0.052985962,GGUGUCAGC,0.506577724
3613,0.003212609,AGAGUUAAG,0.459885382
7245,0.010204831,CAAGUCCAU,0.441487756
4639,0.00223118,AGUGCCUAG,0.484488996
6284,0.002122701,AUGGUCAUU,0.066599112
22506,0.000848037,UGGGCUACU,0.596927372
12562,0,CUGGCGACA,0.35225846
21949,0.002159259,UGCGCACUU,0.381826962
12895,0.001366282,CUUGCAAGU,0.274242122
16849,0.078636169,GGUGUUCUG,0.46890015
10735,0.030050408,CGCGUGCAU,0.273761989
18934,0.004140748,UAAGUCGGG,0.436728393
22283,0.001919329,UGCGUGUUU,0.502331585
3242,0.002277137,AGAGCAAAC,0.374588615
19854,0.170243914,UAGGUUGGU,0.373312162
8173,0.018802088,CAGGUCGUU,0.703708079
23245,0.001821709,UUAGCAGUA,0.60929509
139,0.002357041,AAAGCGCCA,0.201083078
4123,0.006502979,AGGGCACGG,0.282341755
20870,0,UCCGUCUAA,0.569429728
15360,0.001249621,GCUGCAUUU,0.28900158
19196,0.014166255,UACGCGCAG,0.257830155
3892,0.001891775,AGCGUAACU,0.227840961
10248,0.025075295,CGAGCUUGG,0.613726064
6269,0.001737278,AUGGUCAAA,0.256560928
1564,0.00097969,AAUGCUGAU,0.545618535
5894,0.013207558,AUCGUGGUG,0.216787618
23662,0,UUCGCAUAG,0.366259201
4075,0.003515408,AGCGUUGCA,0.199477931
12927,0.004074516,CUUGCAGUC,0.32152742
970,0.012785977,AAGGCAUGU,0.207488907
3113,0.002110736,ACUGUCUCU,0.692474911
11893,0.004318987,CUAGUGCGG,0.349803248
18575,0.000526289,GUUGUUAUU,0.520749413
22218,0.082962481,UGCGUCGGC,0.373934298
15889,0.010926344,GGCGCAGCU,0.39343423
2118,0.00191671,ACAGUCUGC,0.25729397
19528,0,UAGGCAAAC,0.49316689
2024,0.001057848,ACAGUAAAC,0.561312914
4934,0.001287459,AGUGUUAAA,0.618910926
19023,0.002860744,UAAGUUAGA,0.382142943
21508,0.004801005,UGAGCAAGG,0.605652041
617,0.002793271,AACGCUAAC,0.446343618
6073,0.004764303,AUGGCCGGG,0.310734918
7555,0.087729422,CACGCGGUC,0.36938465
3883,0.000930815,AGCGCUUUC,0.25831796
23462,0,UUAGUCAAC,0.124572278
1621,0.000997017,AAUGUAGAC,0.357824192
21111,0.002504851,UCUGCAUGC,0.541592975
14808,0.000797957,GAUGUGAUG,0.334729167
7645,0.003723265,CACGUAAUA,0.492377747
20202,0.013662821,UAUGUCGAC,0.661982648
16823,0.005350096,GGUGUUAAU,0.324492106
18482,0.000630592,GUUGUCGGU,0.387649855
8325,0.001111552,CAUGCACUU,0.388826289
23685,0.002049423,UUCGCCCUC,0.381453388
19996,0.002525401,UAUGCGACA,0.055328674
23176,0.004559752,UGUGUUCCG,0.251898652
23596,0,UUAGUUCUC,0.258550254
1466,0.001043343,AAUGCCUUU,0.30141692
22522,0.023568366,UGGGCUCGC,0.20747601
17131,0,GUAGUACGG,0.370004288
20869,0.033429618,UCCGUCGUU,0.583191785
4071,0.013971152,AGCGUUGAA,0.335358352
11480,0.002748363,CGUGUUAUG,0.32529198
12699,0.002633529,CUGGUAGCC,0.386528757
6491,0.001707853,AUUGCAGGA,0.614201597
19909,0,UAUGCAGGC,0.329689677
22314,0.004672091,UGCGUUCUG,0.399013757
16876,0.002616285,GGUGUUUUA,0.302612551
9324,0,CCCGUAACU,0.249685343
778,0.025954018,AACGUCGGU,0.636596296
3606,0.001294373,AGAGUGUGU,0.584454501
825,0.003723265,AACGUGCUU,0.567250252
13548,0.121175191,GAAGCUGUC,0.54178845
16663,0.183675101,GGUGCUUAA,0.186127396
5733,0.001409887,AUCGUAACU,0.030662915
17909,0.000969459,GUGGCUAUG,0.59816352
7207,0.047845054,CAAGUAGGA,0.31053772
20502,0,UCAGUAGCA,0.705787444
12841,0.001055368,CUGGUUAUU,0.456632838
4345,0.037653787,AGGGUACUU,0.607484942
21449,0.000290166,UCUGUUAUU,0.701670736
22454,0.003715719,UGGGCGACA,0.408319975
23407,0.001366282,UUAGUAAAA,0.349387469
3355,0.007487593,AGAGCGAUA,0.511713246
8430,0.036208703,CAUGCGAUC,0.264658242
15449,0.002207848,GCUGUACUU,0.315168922
23492,0.002735851,UUAGUCGCC,0.490990324
7898,0.00133664,CAGGCACUU,0.258757919
6320,0.001828722,AUGGUCUCC,0.576602183
1662,0.00091504,AAUGUCAUA,0.461161013
7749,0.003064153,CACGUCUUA,0.465539248
10822,0,CGGGCAAAA,0.408087261
19419,0.002575614,UACGUGAGA,0.501998286
627,0,AACGCUAGU,0.639440756
11008,0.002342198,CGGGUCAUU,0.478691434
17650,0.008079807,GUCGUGAUG,0.606936825
20168,0.000799812,UAUGUAUUU,0.417605975
5766,0.000393827,AUCGUAGGC,0.534642064
12536,0,CUGGCCGGA,0.594972555
20105,0.000761801,UAUGCUUCU,0.355739642
6033,0.001241088,AUGGCAUGU,0.164419996
12338,0.009119504,CUCGUGAGA,0.579252389
15943,0.051268984,GGCGCGUCA,0.574220271
6922,0.000907486,AUUGUUGCU,0.111939965
23219,0.001083583,UUAGCAAAU,0.316975977
14422,0.004987315,GAGGUUAUG,0.343999655
13876,0.007395886,GACGCGUAG,0.640935683
22938,0.001410729,UGUGCUACC,0.221456422
18971,0.001499648,UAAGUGCAA,0.1173045
1817,0.001105032,AAUGUUGGC,0.449726629
3954,0.044205279,AGCGUCCAU,0.522309247
1840,0,ACAGCAAAU,0.379579964
19908,0.001255801,UAUGCAGGA,0.441540649
22233,0.012224016,UGCGUCUGC,0.389357072
9051,0.061897673,CCAGUGAAG,0.398386296
20336,0.000850704,UAUGUUGUA,0.510948847
1557,0.001315087,AAUGCUCUA,0.332793068
12694,0.003157847,CUGGUACUU,0.190109548
8791,0.116335069,CCAGCACGU,0.680555102
13090,0.003279077,CUUGCUCGU,0.489773991
9903,0.001639539,CCUGUAUAG,0.247100151
19639,0.00938186,UAGGCUACC,0.470190525
10913,0.00113166,CGGGCUACC,0.410113274
12718,0.00119463,CUGGUAUUA,0.360455333
8590,0.000862112,CAUGUAUUG,0.615108524
2136,0.017601453,ACAGUGAUC,0.541274168
9956,0.001366282,CCUGUCUAA,0.519913692
9474,0.010188774,CCCGUUGAU,0.298552867
2607,0.00095036,ACCGUUUGU,0.397624063
5490,0.007197974,AUCGCAAGC,0.536280571
19243,0.002456152,UACGCUAGC,0.473098827
4473,0.006623543,AGGGUGUCC,0.385331142
14910,0.001629869,GAUGUUUUA,0.539425076
20455,0.002627023,UCAGCUGUC,0.347345322
13216,0.00608613,CUUGUCCUG,0.107290551
9973,0.036706004,CCUGUGAAC,0.280490633
21002,0,UCGGCAUUG,0.461260721
5498,0,AUCGCACAC,0.402008829
18335,0.001261183,GUUGCUAAU,0.270582555
20557,0.000501506,UCAGUCUCU,0.15491187
20494,0,UCAGUACUA,0.347501015
21330,0.001925995,UCUGUCAGG,0.483181179
426,0.001235892,AAAGUUGAG,0.477143747
21008,0,UCGGCCUUU,0.443846021
11736,0,CUAGCUGGA,0.279833021
8058,0,CAGGCUGGA,0.227954401
13836,0.146967558,GACGCCUGA,0.485072824
18888,0.001483963,UAAGUAUAU,0.278814336
12146,0.010923196,CUCGCGUCU,0.584047971
5851,0.006047671,AUCGUGAAA,0.184241121
358,0.019150958,AAAGUGCGA,0.45162201
191,0.001148963,AAAGCUAGU,0.631433108
4509,0.022625632,AGGGUUCGG,0.491493578
12449,0.000739589,CUGGCAAAC,0.639170089
6323,0.00163598,AUGGUCUGA,0.496092429
16730,0.016595656,GGUGUCAAU,0.583420239
21472,0.002186051,UCUGUUGCG,0.371539194
3278,0.001105268,AGAGCAUCU,0.266036783
19263,0.008287743,UACGCUCUG,0.319003119
9662,0.003529748,CCUGCACCC,0.183097089
22638,0.036359132,UGGGUCGAC,0.26680002
91,0.024440156,AAAGCCGAA,0.421980923
1969,0,ACAGCUAAC,0.202468002
131,0.001661149,AAAGCGAUA,0.254300405
20996,0,UCGGCAAUU,0.362318221
2612,0,ACGGCAAAC,0.533728409
5674,0.001551134,AUCGCUAGC,0.545631386
18326,0.020851217,GUUGCGUGG,0.325663747
17118,0.001741527,GUAGUAAGG,0.197934501
6928,0.001518091,AUUGUUGUC,0.657556705
22812,0.003084991,UGUGCAUUC,0.282782359
2819,0.005216713,ACUGCAGGU,0.180001479
6918,0.001067361,AUUGUUGAU,0.423137394
21206,0,UCUGCUAAG,0.320740537
2723,0.013670579,ACGGUCUCC,0.147927615
89,0,AAAGCCCUG,0.505146879
22870,0.001275197,UGUGCCUUA,0.2333437
20318,0.001563344,UAUGUUCGC,0.006799053
19309,0.001841721,UACGUACAC,0.489690913
10365,0.051069222,CGAGUGAGG,0.547425391
18039,0.011300412,GUGGUCGUG,0.610676876
20465,0.002478305,UCAGCUUCU,0.416300787
20557,0.000501506,UCAGUCUCU,0.146436234
21824,0.035908047,UGAGUGAUC,0.347501015
17405,0.00528256,GUCGCCCUC,0.437935242
16488,0.004255769,GGGGUUGGA,0.064928863
18,0.003186356,AAAGCACAG,0.566186438
14640,0.001031339,GAUGCUAGU,0.395042453
8587,0.032471777,CAUGUAUGG,0.396285744
19533,0,UAGGCAAGC,0.667578534
781,0.049445019,AACGUCGUU,0.689464267
9082,0.01885059,CCAGUGGUA,0.458150136
18449,0.001366282,GUUGUCACC,0.409402202
12656,0,CUGGCUUCC,0.312406926
23575,0.001024712,UUAGUUACU,0.254543142
15273,0,GCCGUUACG,0.409975457
2083,0,ACAGUCAGG,0.409389435
164,0.002159493,AAAGCGUAA,0.581951769
9490,0.000655815,CCCGUUUCA,0.270121587
5797,0.045087309,AUCGUCAGC,0.349349718
11346,0.083869634,CGUGUAUGU,0.526728528
11187,0.097622608,CGUGCCGUC,0.611288487
14792,0.002920057,GAUGUCUUA,0.05950571
8850,0.012130426,CCAGCCUCU,0.331234662
4569,0.002757229,AGUGCAGGA,0.17832761
21288,0.000630592,UCUGUACUC,0.34525222
4501,0.001551134,AGGGUUCAG,0.441584971
21540,0.001282073,UGAGCAUUG,0.511018737
9162,0.002157288,CCCGCAAUA,0.229689605
2307,0.010293453,ACCGCCUCU,0.375570551
3346,0.029829505,AGAGCGAAU,0.171078558
19235,0.000560901,UACGCUAAC,0.312273106
13484,0.001563643,GAAGCGCAC,0.25717979
16461,0,GGGGUUAGC,0.251808062
21481,0.001158172,UCUGUUGUU,0.671144838
3853,0.019169313,AGCGCUCGU,0.313018262
1045,0.009575479,AAGGCGGUC,0.306666535
5021,0.005747413,AUAGCACGA,0.420569095
1788,0.000807981,AAUGUUAUA,0.401879365
14003,0.095977487,GACGUCAUU,0.481649909
19915,0.000658382,UAUGCAUAA,0.50949691
14858,0.00338288,GAUGUUACU,0.266157785
10779,0.013219462,CGCGUUAUC,0.481545273
20692,0.003723265,UCCGCAUUG,0.426544276
21619,0.037248662,UGAGCGCGA,0.245310784
16474,0.007660383,GGGGUUCGA,0.26304256
605,0.018687025,AACGCGUCC,0.587123232
2828,0.007006073,ACUGCAUCA,0.263211569
3067,0,ACUGUCACU,0.246711696
11764,0.001024712,CUAGUAACC,0.440152895
21333,0.004471469,UCUGUCAUC,0.565607409
16379,0.004406631,GGGGUCAGA,0.35240415
12,0.001107433,AAAGCAAUA,0.645377491
10062,0.002089195,CCUGUUGCA,0.463162442
23523,0,UUAGUGAGC,0.305946901
20365,0,UCAGCACCU,0.548677064
11218,0.000851154,CGUGCGCAU,0.309856042
20230,0.002716344,UAUGUCUUC,0.181102201
18079,0.028178327,GUGGUGGAA,0.331291159
10181,0,CGAGCGCAC,0.469063402
21646,0.005398734,UGAGCGUGA,0.192549931
9163,0.002864899,CCCGCAAUU,0.247057832
18352,0.001494302,GUUGCUCCC,0.425032401
10431,0.105759154,CGAGUUCGA,0.036977226
20169,0.002760499,UAUGUCAAA,0.481629179
17671,0.001891163,GUCGUGGGU,0.410137134
16236,0.001935144,GGGGCCUCC,0.48997856
17840,0,GUGGCCUCA,0.215593176
8344,0.001576479,CAUGCAUCA,0.190373947
21326,0.004602884,UCUGUCACG,0.310395262
10518,0,CGCGCCCUC,0.345227835
11748,0.001412447,CUAGCUUCA,0.118893254
9939,0.005398734,CCUGUCCUA,0.100990555
3400,0.001776321,AGAGCUAAU,0.316384582
22301,0,UGCGUUCAC,0.265682247
10550,0.135033961,CGCGCGAUC,0.302330332
15598,0.006685924,GGAGCAUAC,0.255959694
13868,0.041990151,GACGCGGCA,0.239007576
16358,0,GGGGUAGUC,0.204647878
21208,0.000341571,UCUGCUACA,0.596973839
8975,0,CCAGUAGAG,0.136071136
10740,0.025913922,CGCGUGCUA,0.516491354
18394,0.001089649,GUUGUAAAU,0.389113529
1675,0.005793964,AAUGUCCGC,0.519522391
20869,0.033429618,UCCGUCGUU,0.52713538
2102,0.007198312,ACAGUCGCC,0.335358352
7737,0.002202941,CACGUCUAA,0.356298912
5309,0,AUAGUCAGG,0.406240274
18722,0,UAAGCCUAA,0.537965904
1946,0.04836857,ACAGCGGAG,0.153864939
4188,0.149365332,AGGGCCGGA,0.204024783
13336,0.002267768,CUUGUUCUA,0.376855275
22711,0.000620012,UGGGUUAAG,0.288509376
17698,0.000910855,GUCGUUACU,0.531828529
5329,0.001349683,AUAGUCCUG,0.406773502
17314,0.000985718,GUAGUUGUA,0.337296619
21526,0.001871251,UGAGCAGUU,0.280423629
7979,0.00159798,CAGGCGACC,0.266107472
19652,0,UAGGCUCCC,0.504706171
14471,0.004098846,GAUGCAAUG,0.335748355
3780,0.137049937,AGCGCGAAG,0.376046526
23495,0,UUAGUCGGC,0.25810103
12000,0.011910758,CUCGCAAGG,0.39067383
15219,0.013116308,GCCGUAUUC,0.465980968
20697,0.001707777,UCCGCCAGU,0.473651182
20897,0.02188681,UCCGUGAUG,0.339788989
1220,0.066606253,AAGGUCUCG,0.451991652
6767,0.002400958,AUUGUCACU,0.572818767
21436,0.001107177,UCUGUUAAG,0.39616703
10111,0.07445265,CGAGCAGGU,0.365103056
20129,0.00038495,UAUGUACAA,0.440413875
23430,0,UUAGUACUA,0.499317954
7465,0.016292812,CACGCCACU,0.439195313
2867,0.029829505,ACUGCCGCC,0.325111771
12788,0.001700805,CUGGUGAUU,0.087870577
2873,0.063516186,ACUGCCGUG,0.654075801
19912,0.000955132,UAUGCAGUA,0.091917355
20530,0.001539799,UCAGUCAUG,0.263052706
9079,0.002322666,CCAGUGGCU,0.402092277
2100,0.003724078,ACAGUCGAU,0.453252506
12624,0.000781672,CUGGCUCAG,0.399868637
17110,0.001229654,GUAGUAAAC,0.272727662
3189,0.000607236,ACUGUUAGA,0.530970121
216,0.000851154,AAAGCUGCC,0.538717618
35,0.002207848,AAAGCAGCA,0.224470788
9799,0.018104352,CCUGCGUGU,0.362249181
22595,0.001552525,UGGGUAGUA,0.321692148
16764,0.019697979,GGUGUCUCA,0.577716964
21264,0.00172583,UCUGUAAAA,0.227963136
12375,0.001196532,CUCGUGUAG,0.504446218
18839,0.000520488,UAAGCUGUG,0.36381119
857,0.001837414,AACGUGUUU,0.174962439
16394,0.007514221,GGGGUCGAU,0.525803722
15150,0.021584578,GCCGCAUUC,0.471386276
6162,0.000681228,AUGGCUAUG,0.256475741
4959,0.010797467,AGUGUUCGC,0.354492659
7535,0.008356782,CACGCGCCU,0.445586062
14284,0.000936879,GAGGCUUAG,0.313448371
18722,0,UAAGCCUAA,0.331563608
20840,0.000870402,UCCGUAUUU,0.153864939
4587,0.005663985,AGUGCAUGG,0.503856158
16652,0.0053673,GGUGCUGCC,0.358296204
16232,0,GGGGCCUAA,0.031602975
14257,0.000512356,GAGGCUAUA,0.20970105
7435,0.01042772,CACGCAGCU,0.415668324
21926,0.002457412,UGCGCAAAU,0.393355798
19630,0,UAGGCGUUA,0.346760055
1939,0.030615434,ACAGCGCAU,0.362309347
5939,0.01293168,AUCGUUCGU,0.266331509
18891,0.085386696,UAAGUAUGA,0.508279433
1726,0.002520809,AAUGUGAUA,0.662737473
8419,0.021794351,CAUGCGAAC,0.528240768
11171,0.001631023,CGUGCCCCU,0.313321936
11881,0.000521821,CUAGUGAUA,0.114636122
19991,0.001352438,UAUGCCUUU,0.460718049
1067,0.000377359,AAGGCUAAU,0.153920882
8479,0.001261183,CAUGCUACA,0.507238127
9690,0.015320767,CCUGCAUCU,0.25330983
19554,0,UAGGCAGUC,0.290620457
5061,0.001707958,AUAGCCAAG,0.467858188
20,0,AAAGCACCA,0.19263911
5188,0.002733536,AUAGCUAGA,0.383185975
13251,0.000573811,CUUGUGACA,0.328809205
2292,0,ACCGCCCUC,0.403853608
19483,0,UACGUUCAC,0.152869668
22874,0.01107953,UGUGCGAAA,0.399990311
2719,0,ACGGUCGUU,0.158003233
20272,0.001445355,UAUGUGGGG,0.545611525
19100,0,UACGCACUU,0.51378021
23236,0.001093026,UUAGCACUA,0.371902101
1302,0.07009582,AAGGUUCCG,0.222019872
14946,0.001894293,GCAGCCUGG,0.604914156
13778,0.110281336,GACGCACGG,0.230471742
12056,0.009119504,CUCGCCAGU,0.466436723
20055,0.00073297,UAUGCUAAU,0.343805161
5428,0.001121032,AUAGUUACU,0.258534204
11019,0,CGGGUCGUU,0.463530585
22119,0.001688051,UGCGCUUAU,0.511635111
16708,0.001352438,GGUGUAGCU,0.108975328
7355,0.001958503,CAAGUUAGA,0.436018661
16351,0,GGGGUAGAG,0.653654078
21001,0,UCGGCAUUC,0.593562084
18192,0.01792566,GUUGCAGAC,0.403573597
20563,0.001196532,UCAGUCUUG,0.167240072
14782,0.002553461,GAUGUCUAA,0.311742629
17364,0.00054717,GUCGCAGGG,0.329387675
15904,0.001089017,GGCGCAUUU,0.332277407
8451,0.000771427,CAUGCGGCA,0.267857583
6393,0.000440252,AUGGUUAAG,0.204598976
22766,0.008381644,UGGGUUUGU,0.569821113
5489,0.060270196,AUCGCAAGA,0.611000166
4100,0.001351479,AGCGUUUUU,0.463442141
19396,0.01865232,UACGUCUAC,0.381552883
9810,0.006193775,CCUGCUACU,0.367894923
14100,0.031083618,GACGUUAUC,0.233535024
3712,0.003123234,AGCGCAGUG,0.485802407
1950,0,ACAGCGGGU,0.265490523
19620,0.006383653,UAGGCGGUG,0.373546067
1085,0.002342198,AAGGCUCCU,0.365449199
5875,0.001175102,AUCGUGCGC,0.429108647
21637,0.003790806,UGAGCGGUU,0.515065128
11837,0,CUAGUCCGU,0.165263252
22996,0.001912795,UGUGUACCA,0.499417826
16991,0.006831411,GUAGCGAAG,0.397893415
23493,0,UUAGUCGCU,0.211385691
9145,0.001912795,CCAGUUUAU,0.298563083
5264,0.005674358,AUAGUACGA,0.415378273
14173,0.002561666,GAGGCAGGC,0.619054806
13000,0.000585549,CUUGCCUUA,0.603762742
8525,0.002887638,CAUGCUUCC,0.039238546
17494,0.010453956,GUCGCUCAU,0.172616868
22315,0.002729299,UGCGUUCUU,0.118997701
2809,0.015235751,ACUGCACUG,0.343982484
10162,0.042832289,CGAGCCUGA,0.276399889
9958,0.00107764,CCUGUCUAG,0.232358349
20195,0.030085142,UAUGUCCGG,0.306644785
12323,0.101226256,CUCGUCUGA,0.472015484
5835,0.005892603,AUCGUCUAA,0.421169104
5329,0.001349683,AUAGUCCUG,0.298570842
724,0.001518091,AACGUAUAC,0.337296619
3870,0.001219445,AGCGCUGUU,0.584995791
13667,0.165746201,GAAGUGAUC,0.159425377
10634,0.003691751,CGCGUAACU,0.545195409
18581,0.001073795,GUUGUUCCC,0.608172973
16171,0.001078644,GGGGCAAUU,0.254152667
8845,0.028758668,CCAGCCUAC,0.514905275
23140,0.000767134,UGUGUGUAC,0.142287006
15567,0.000733051,GCUGUUUAA,0.294485713
22274,0.00281115,UGCGUGUAU,0.276261679
6858,0.000512356,AUUGUGGCC,0.372741628
11266,0.003225425,CGUGCUAUG,0.323761672
21229,0.005400415,UCUGCUCUA,0.169353316
6662,0.004860229,AUUGCUCGC,0.067317764
21744,0.000458184,UGAGUAUAA,0.212848077
23175,0.001394967,UGUGUUCCC,0.436926142
1641,0.001697283,AAUGUAUCC,0.260115022
9216,0.004700371,CCCGCCUAA,0.54278048
1855,0,ACAGCACCC,0.119828176
13682,0.150225632,GAAGUGGAU,0.323606005
14931,0,GCAGCAUCG,0.487851874
4252,0.001288566,AGGGCGUGA,0.26210157
5153,0.000897837,AUAGCGGCA,0.444508861
5008,0.000234526,AUAGCAAGU,0.148182439
23667,0,UUCGCAUCU,0.525706135
417,0.009837231,AAAGUUCGC,0.237083304
6831,0.002040966,AUUGUGACU,0.594498935
2188,0.001473151,ACAGUUAGU,0.458868549
365,0.143547952,AAAGUGGAC,0.639432363
7366,0.001090624,CAAGUUCCA,0.492001648
17669,0.075293139,GUCGUGGGA,0.447373246
11760,0.001405013,CUAGUAAAC,0.440516709
5143,0.000512356,AUAGCGCGC,0.569371969
18557,0.00775735,GUUGUGUUC,0.310691831
10611,0.012871356,CGCGCUGUC,0.290370345
11680,0,CUAGCGGGU,0.114067121
8584,0,CAUGUAUCU,0.324007111
12576,0,CUGGCGCGC,0.577032554
15032,0,GCAGUAUAG,0.449034641
1011,0,AAGGCCUGG,0.483041571
8739,0.01056274,CAUGUUCGU,0.487559238
22462,0.005324809,UGGGCGAUG,0.577498114
8167,0.032790771,CAGGUCGCU,0.363090933
8071,0.001186535,CAGGCUUCC,0.603683544
738,0.006709125,AACGUCAAA,0.367765664
6440,0.001332309,AUGGUUUAU,0.502143012
18923,0,UAAGUCCUA,0.520841399
2641,0,ACGGCCAGU,0.388872095
21668,0.002084159,UGAGCUAUU,0.550042162
10778,0.001135065,CGCGUUAUA,0.213974106
13662,0.102236338,GAAGUGACU,0.41688759
2168,0.001425686,ACAGUGUCU,0.579389027
10685,0.012413649,CGCGUCAGU,0.463757662
13501,0.141123128,GAAGCGUCA,0.576543145
2064,0,ACAGUAUAG,0.222402088
19902,0.002479941,UAUGCAGAG,0.52699651
17928,0.000964434,GUGGCUGAU,0.269297637
3237,0.000870498,ACUGUUUGG,0.254758952
640,0.008155145,AACGCUCGC,0.456459888
7668,0.001414402,CACGUAGCU,0.36452135
16218,0.001366282,GGGGCCCAU,0.610531239
15357,0.009436849,GCUGCAUGC,0.275147628
20855,0.030526463,UCCGUCCAU,0.344329356
4749,0.002549909,AGUGCUUCU,0.354448159
17649,0.004855173,GUCGUGAUA,0.120315145
15498,0.003023836,GCUGUCUCU,0.409514057
323,0.000712843,AAAGUCUAG,0.305848309
2679,0.003682146,ACGGCUUGA,0.432687426
6004,0.000598467,AUGGCACUG,0.426341324
14197,0.026836502,GAGGCCAUC,0.427562819
22674,0.002837179,UGGGUGCAU,0.40921435
14826,0,GAUGUGGCC,0.545424401
22959,0.00096661,UGUGCUGUA,0.393029255
15131,0.00107764,GCAGUUUAU,0.017957648
12528,0.002070374,CUGGCCCUG,0.376976424
18029,0.055003385,GUGGUCGAC,0.258463988
11476,0.001102213,CGUGUUAGG,0.416018568
9922,0.002980979,CCUGUCACU,0.512833122
10885,0.009230945,CGGGCCUCC,0.434599805
23409,0.000659522,UUAGUAAAG,0.253995024
11640,0.001101782,CUAGCCUUU,0.519805164
4483,0.001445042,AGGGUUAAA,0.139953292
12182,0.005080867,CUCGCUCUC,0.577291739
8243,0.005525162,CAGGUUACA,0.119441372
18564,0.00127029,GUUGUUACA,0.665634067
9194,0.004239591,CCCGCAUUA,0.3188609
16248,0.002701615,GGGGCGAGG,0.285220903
1557,0.001315087,AAUGCUCUA,0.498995487
5242,0.001245712,AUAGCUUUU,0.190109548
4947,0.002386181,AGUGUUAUC,0.161617043
5648,0.053289623,AUCGCGGUG,0.393646616
11560,0.000957548,CUAGCAGCU,0.14908376
20452,0,UCAGCUGGA,0.292935419
10060,0.001365229,CCUGUUGAG,0.22393823
9304,0.011451859,CCCGCUGUG,0.31780338
19665,0,UAGGCUGGC,0.140925676
18589,0.002502906,GUUGUUCUC,0.446727473
19526,0.00118714,UACGUUUUU,0.259764214
20002,0.003873228,UAUGCGAGG,0.425657735
3219,0.00268365,ACUGUUGCU,0.391906482
8774,0.019389178,CCAGCAAAG,0.360961843
11648,0.000826683,CUAGCGAGC,0.394617626
16048,0.042737048,GGCGUCCUC,0.37950366
7343,0.004607749,CAAGUGUGU,0.297666847
16165,0.004918616,GGGGCAAGA,0.65935714
20251,0.001635935,UAUGUGCAU,0.59174779
12793,0.001024712,CUGGUGCCU,0.447935585
18987,0.006880514,UAAGUGGAG,0.574099335
11051,0.002484149,CGGGUGUAA,0.436881753
8502,0.002428241,CAUGCUCUC,0.52797986
14018,0.142071938,GACGUCGCA,0.194213144
14550,0.060872064,GAUGCCGCU,0.3591218
9675,0.032315297,CCUGCAGAU,0.152957458
18166,0.041175926,GUUGCAACG,0.289432951
16515,0.101788017,GGUGCAAGG,0.257212457
17465,0.005044734,GUCGCGUAU,0.404690912
14730,0.006011641,GAUGUAUAC,0.149603832
7937,0.00453764,CAGGCCAGG,0.502590101
20090,0.000683141,UAUGCUGCU,0.572355795
10491,0.002985726,CGCGCAGUA,0.15946793
23043,0.001891775,UGUGUCAGA,0.251845515
11290,0.010921832,CGUGCUUGA,0.440628507
4008,0.008838904,AGCGUGCUA,0.197216116
10599,0.028116479,CGCGCUCUC,0.39466662
6060,0.002638089,AUGGCCCCG,0.135003915
9628,0.040231892,CCGGUUCUU,0.258405532
22883,0.017874228,UGUGCGAGG,0.577105888
1426,0.002167734,AAUGCCCCG,0.294246503
13026,0.034046148,CUUGCGCGA,0.176479259
8165,0.004114625,CAGGUCGCA,0.24422916
18131,0.002743084,GUGGUUCUA,0.554221693
3803,0.109451126,AGCGCGGAC,0.445256323
10650,0.001587863,CGCGUAGAA,0.164364084
14726,0.001361229,GAUGUAGUC,0.467173969
2235,0.000517593,ACAGUUUUG,0.499485022
23349,0,UUAGCUAAC,0.381408417
2632,0,ACGGCAUCG,0.156759411
7303,0.013915223,CAAGUGCAA,0.44995241
13479,0.116099443,GAAGCGAGG,0.497728666
5334,0.000999719,AUAGUCGAU,0.452759565
7610,0.00063309,CACGCUGGA,0.355882771
23535,0.001612712,UUAGUGCUA,0.328374779
12747,0.000394068,CUGGUCGAA,0.338351093
6876,0.001241336,AUUGUGUGC,0.444763731
3345,0.13930107,AGAGCGAAG,0.46062965
10702,0.093927757,CGCGUCGAU,0.270903174
23416,0.001810435,UUAGUAAGG,0.35309008
19507,0.002235734,UACGUUGGG,0.647956516
8903,0,CCAGCUAGG,0.505640102
7395,0.001553592,CAAGUUUAG,0.375333898
18008,0.00854741,GUGGUCACG,0.443244997
12656,0,CUGGCUUCC,0.505990954
19198,0.009222404,UACGCGCCA,0.254543142
8951,0.002459308,CCAGUAAAG,0.215984483
5014,0,AUAGCACAC,0.611793067
1939,0.030615434,ACAGCGCAU,0.283384699
5628,0.094021506,AUCGCGCGG,0.266331509
3700,0.008395777,AGCGCAGAA,0.296324919
4125,0.001635935,AGGGCACUA,0.255551619
17739,0.002513944,GUCGUUUAC,0.435033444
3843,0.002807429,AGCGCUAUU,0.28038325
7191,0.014961672,CAAGUACCU,0.25472709
5300,0.001999531,AUAGUCAAC,0.644270176
9412,0.113973266,CCCGUGAUC,0.41137932
13919,0.009740608,GACGCUGAU,0.501558458
7397,0.003334655,CAAGUUUCA,0.21128343
15260,0.005087744,GCCGUGGCU,0.431388518
10451,0.014914752,CGAGUUGUG,0.402048514
9265,0.013742231,CCCGCGUUU,0.342479938
21660,0.033367464,UGAGCUACG,0.233838534
11091,0,CGGGUUGCA,0.166992627
22982,0.00124202,UGUGUAACA,0.472672374
21177,0.032254246,UCUGCGCUG,0.472258335
21412,0,UCUGUGGGC,0.122000541
11993,0.002236375,CUCGCAAAU,0.446108322
18599,0.000482359,GUUGUUGCU,0.379199549
16244,0.001537067,GGGGCGAAU,0.273021038
20234,0.001124494,UAUGUGAAC,0.412214068
6649,0.0013784,AUUGCUAGU,0.482495339
9422,0.144463262,CCCGUGGAU,0.327018161
3728,0.002041579,AGCGCAUUU,0.444214922
526,0,AACGCCCCA,0.311812522
3142,0.001821709,ACUGUGCCU,0.206838091
5342,0.001160664,AUAGUCGUA,0.428489496
,,,0.308267907