A,C,D,E,F,G,H,I,K,L,M,N,P,Q,R,S,T,V,W,Y
-0.04166062921285629,-0.15827886015176773,-0.0372479185461998,-0.016763605177402496,-0.15470608323812485,-0.0442434623837471,-0.05199466645717621,-0.13434325903654099,-0.028543315827846527,-0.11824668198823929,-0.09812162071466446,-0.0,-0.04695742577314377,-0.06457815319299698,-0.06763868778944016,-0.051087021827697754,-0.07356763631105423,-0.10407128185033798,-0.17740238457918167,-0.11542133241891861
-0.0022027790546417236,-0.03731828182935715,-0.006805688142776489,0.008779756724834442,-0.02960614114999771,-0.004825808107852936,0.008216902613639832,-0.0,-0.012583769857883453,-0.016992203891277313,-0.012185409665107727,0.0040946900844573975,-0.009065903723239899,0.010506048798561096,-0.005258113145828247,0.007487669587135315,-0.0029701218008995056,-0.004755847156047821,-0.051523126661777496,-0.02851126343011856
-0.05961664021015167,-0.16174709796905518,-0.029283151030540466,-0.032896533608436584,-0.12201988697052002,-0.07076695561408997,-0.06890088319778442,-0.13497471809387207,-0.02461358904838562,-0.08421985805034637,-0.07033973932266235,-0.0640602856874466,-0.061293452978134155,-0.058687955141067505,-0.07633577287197113,-0.020455539226531982,-0.0,-0.085770383477211,-0.12255260348320007,-0.09636309742927551
-0.0426193168386817,-0.13135822396725416,-0.014488922897726297,-0.004236983601003885,-0.20601167064160109,-0.02994020190089941,-0.04281207825988531,-0.20438875537365675,0.012512764893472195,-0.18486263137310743,-0.13843879383057356,-0.0,-0.07943499367684126,-0.02551141194999218,-0.013377075549215078,-0.029130454175174236,-0.017850646749138832,-0.1441706446930766,-0.21738069038838148,-0.12029030453413725
0.011417865753173828,-0.09405841678380966,-0.03230943903326988,0.018972638994455338,-0.03926415415480733,-0.036541469395160675,-0.02470453642308712,-0.01804576814174652,0.00046602264046669006,-0.0,-0.01735273376107216,-0.03999148844741285,0.05054715648293495,0.022174987941980362,-0.025467049330472946,-0.033629260025918484,-0.005477871745824814,-0.021531226113438606,-0.023809870705008507,-0.019379952922463417
-0.3298988938331604,-0.0,-0.241990827023983,-0.3193822354078293,-0.2756146416068077,-0.26531606912612915,-0.3292282968759537,-0.35620708763599396,-0.40728169679641724,-0.3501095473766327,-0.36829981207847595,-0.28006261587142944,-0.41785724461078644,-0.33615678548812866,-0.43206967413425446,-0.29610851407051086,-0.281602643430233,-0.3031870871782303,-0.34899118542671204,-0.3191267102956772
-0.08054117113351822,-0.11406584829092026,0.08645819127559662,0.011284496635198593,-0.23624876886606216,-0.07845159620046616,-0.0777861699461937,-0.29703641682863235,-0.05879683792591095,-0.19502530246973038,-0.16107720881700516,0.07117646932601929,-0.0,-0.018054939806461334,-0.06410913914442062,-0.051567718386650085,-0.11025994271039963,-0.24834797531366348,-0.2486499324440956,-0.18718823045492172
-0.5152639746665955,-0.4944913387298584,-0.5475642681121826,-0.524797797203064,-0.0,-0.5010259747505188,-0.4995541572570801,-0.1328343152999878,-0.5662375688552856,-0.004815727472305298,-0.14574357867240906,-0.5662316679954529,-0.4718918800354004,-0.5421047210693359,-0.6165593862533569,-0.5353601574897766,-0.4561178684234619,-0.29813289642333984,0.014348633587360382,-0.10603369772434235
0.0005009276792407036,-0.21790673304349184,0.08333881478756666,0.026659059338271618,-0.08575679082423449,-0.0,0.029943658970296383,-0.1637725280597806,-0.07852669525891542,-0.15784723032265902,-0.11547187436372042,0.044943070970475674,-0.12991613615304232,-0.020849299617111683,-0.09782664943486452,0.001244033221155405,-0.06896345783025026,-0.14483410585671663,-0.07572450209408998,-0.06501857656985521
-0.09576633456163108,-0.2919078692793846,-0.016082048416137695,-0.0,-0.3333374187350273,-0.17896851152181625,-0.21618862450122833,-0.2551041468977928,-0.14614959806203842,-0.188698872923851,-0.1913389414548874,-0.17582441121339798,-0.16018495708703995,-0.10578910680487752,-0.2030978724360466,-0.10557367885485291,-0.16555073857307434,-0.2133408710360527,-0.359588198363781,-0.31793471425771713
-0.4234105106443167,-0.4593502040952444,-0.4810085650533438,-0.48802641592919827,-0.22529092989861965,-0.535211181268096,-0.4856098648160696,0.04113946668803692,-0.5952434297651052,-0.10295179300010204,-0.24920550547540188,-0.5077562686055899,-0.4692447241395712,-0.475463455542922,-0.5592012163251638,-0.4610773082822561,-0.30350167118012905,-0.0,-0.22109832428395748,-0.26640439592301846
-0.4901183843612671,-0.545210987329483,-0.6208367943763733,-0.6049675941467285,-0.0,-0.5975562930107117,-0.6077929139137268,-0.1373052168637514,-0.5896787047386169,-0.17979123443365097,-0.20464494824409485,-0.6300855278968811,-0.6565405428409576,-0.5831892490386963,-0.5880212485790253,-0.5797269344329834,-0.4650777280330658,-0.23384415358304977,-0.3913421034812927,-0.4618815779685974
-0.2844149135053158,-0.3914174400269985,-0.21088102087378502,-0.19336503371596336,-0.3066793940961361,-0.19463389739394188,-0.21039165183901787,-0.5510543249547482,-0.2287941537797451,-0.335546787828207,-0.31644466146826744,-0.0,-0.6391743682324886,-0.21790064498782158,-0.26328789815306664,-0.22352978214621544,-0.2596904896199703,-0.5014538429677486,-0.31284260377287865,-0.28968292102217674
-0.0,-0.2718716487288475,-0.2594558224081993,-0.1939026489853859,-0.4853156879544258,-0.23403535038232803,-0.26800791174173355,-0.249894879758358,-0.1165572851896286,-0.32775024324655533,-0.22891250997781754,-0.1271982342004776,-0.4297519698739052,-0.030577408149838448,-0.14452385157346725,-0.11804107576608658,-0.21994303911924362,-0.2810232564806938,-0.5211797133088112,-0.42384830862283707
-0.14114736393094063,-0.347217682749033,-0.11085683479905128,-0.09552917256951332,-0.29476118460297585,-0.23635512962937355,-0.18086228147149086,-0.268721554428339,-0.056134145706892014,-0.17679424956440926,-0.2570304311811924,-0.20054617896676064,-0.06542328372597694,-0.144562978297472,-0.12769343331456184,-0.027061816304922104,-0.0,-0.20190900936722755,-0.3902774788439274,-0.28119978681206703
-0.06708742678165436,-0.12848716974258423,-0.004911571741104126,0.027536198496818542,-0.08366622030735016,-0.13386234641075134,0.008196815848350525,-0.05133029818534851,0.013087227940559387,-0.10678035020828247,-0.09223112463951111,0.008639603853225708,-0.24385428428649902,-0.022297844290733337,-0.0,0.021857216954231262,0.04029759764671326,-0.01628972589969635,-0.10090801119804382,-0.03509098291397095
-0.45326925814151764,-0.5481889992952347,-0.7240196615457535,-0.5888635665178299,-0.0,-0.49681223928928375,-0.2525068074464798,-0.42144785821437836,-0.6776875406503677,-0.4541591554880142,-0.2883710414171219,-0.743491604924202,-0.5071996599435806,-0.525565043091774,-0.6065424829721451,-0.5083104521036148,-0.5518233329057693,-0.3826679140329361,0.014139607548713684,-0.2412947565317154
-0.0,-0.233519546687603,-0.13528373092412949,-0.14277013391256332,-0.2341078743338585,-0.11565468460321426,-0.07880524545907974,-0.5303724333643913,-0.174244724214077,-0.40800129622220993,-0.25531118363142014,-0.03440190106630325,0.1111946664750576,-0.1345447525382042,-0.23363705724477768,-0.04779297858476639,-0.18618874996900558,-0.2735586389899254,-0.28372811526060104,-0.13221798092126846
-0.25199346244335175,-0.2589091509580612,-0.27064187824726105,-0.5207456797361374,-0.718076154589653,-0.36922575533390045,-0.24913634359836578,-0.9159711450338364,-0.5013798922300339,-0.7232905477285385,-0.45070837438106537,-0.20815904438495636,-0.14661186933517456,-0.4085228890180588,-0.5307144969701767,-0.0,-0.42291276156902313,-0.7277745455503464,-0.7300991266965866,-0.6758370250463486
-0.2870500013232231,-0.4194311425089836,-1.2180789038538933,-1.0342704579234123,-0.4150662049651146,-0.7106733843684196,-1.5965393111109734,-0.3031648322939873,-1.1529366299510002,-0.6818740889430046,-0.8536229059100151,-0.7309112474322319,-0.16143620759248734,-1.0880593582987785,-1.475504569709301,-0.49557217210531235,-0.5036452040076256,-0.0,-1.1294340416789055,-1.0373736545443535
-0.5429472625255585,-0.41917750239372253,-0.6739957630634308,-0.5663590729236603,-0.09983022511005402,-0.716282993555069,-0.20541319251060486,-0.5049183666706085,-0.7738570868968964,-0.516905814409256,-0.3527419865131378,-0.4118800461292267,-0.5158759653568268,-0.4207923710346222,-0.7955909073352814,-0.4158707559108734,-0.40454497933387756,-0.26661521196365356,-0.15683907270431519,-0.0
-0.0,-0.19574324786663055,-0.06904840469360352,-0.08857502043247223,-0.2904518395662308,-0.2121882289648056,-0.11608198285102844,-0.3003355711698532,-0.08402363210916519,-0.2834111601114273,-0.12904256582260132,-0.004442103207111359,-0.8375864177942276,-0.08446311205625534,-0.09239935874938965,-0.08067302405834198,-0.2144327461719513,-0.3374164253473282,-0.3330763429403305,-0.21393440663814545
-0.5926686525344849,-0.6022098064422607,-0.6364496350288391,-0.7124150991439819,-0.1795308142900467,-0.7134527564048767,-0.4937717318534851,-0.7484107613563538,-0.7356743216514587,-0.7240970730781555,-0.7211352586746216,-0.6728501915931702,-0.45797276496887207,-0.7059581875801086,-0.6990140676498413,-0.5861346125602722,-0.6614987254142761,-0.6789233684539795,-0.0,-0.21921929717063904
-0.09993749856948853,-0.26628589630126953,0.0048872679471969604,0.06419120728969574,-0.36884692311286926,-0.14014381170272827,-0.06162472069263458,-0.3049502968788147,0.0488743931055069,-0.3612370789051056,-0.18945133686065674,-0.0,-0.4825316369533539,0.010544061660766602,-0.0055675208568573,0.02802833914756775,-0.0026109814643859863,-0.1847294270992279,-0.47362658381462097,-0.2759952247142792
-0.6939631924033165,-0.7002381309866905,-0.837034247815609,-0.6537503227591515,-0.82881148904562,-0.7447332963347435,-0.28737296909093857,-0.8651503548026085,-0.5736881121993065,-0.9140596017241478,-0.7567295655608177,-0.64864631742239,-0.8248280510306358,-0.4383188709616661,-0.0,-0.4131457731127739,-0.4030517563223839,-0.7562420591711998,-0.7635292038321495,-0.8011307343840599
-0.13904104754328728,-0.10851005092263222,-0.24261411651968956,-0.2583141438663006,-0.13897792622447014,-0.4769047312438488,-0.10381560400128365,-0.0662117563188076,-0.0,-0.10943644121289253,-0.08279859647154808,-0.19948577508330345,-1.0000935904681683,-0.053315574303269386,0.005773667246103287,-0.13994254544377327,0.03346671536564827,0.006482157856225967,-0.28008904680609703,-0.14375458285212517
-0.0877488236874342,-0.11523423157632351,-0.11622603796422482,-0.06341644190251827,-0.1301554348319769,-0.2868192996829748,-0.035365136340260506,-0.03202155418694019,0.04487219266593456,-0.06798080913722515,-0.10265318863093853,-0.02043522335588932,-0.18941170535981655,-0.04077680967748165,-0.0,-0.07838498614728451,-0.017880776897072792,0.033282652497291565,-0.17179588042199612,-0.09979561530053616
-0.3499115817248821,-0.2542879544198513,-0.6971771232783794,-0.554906141012907,0.196095559746027,-0.4293886236846447,-0.2372858040034771,-0.0,-0.5992668382823467,-0.013027451932430267,0.08585979416966438,-0.5291405133903027,-0.7403098456561565,-0.5034412257373333,-0.5884220115840435,-0.46666742488741875,-0.5309845916926861,-0.1802324466407299,0.02524993196129799,0.07162676379084587
-0.04826028645038605,-0.14496521651744843,-0.08478935062885284,-0.07429713010787964,-0.11231957376003265,-0.08546009659767151,-0.025518052279949188,-0.19607019424438477,-0.08387112617492676,-0.2312529981136322,-0.15627238154411316,-0.025171786546707153,-0.14364612102508545,-0.06200896203517914,-0.06533843278884888,-0.0,-0.0015637800097465515,-0.14430847764015198,-0.217156320810318,-0.1322997808456421
-0.12636929750442505,-0.2256801724433899,-0.061252087354660034,-0.17170017957687378,-0.20759043097496033,-0.09216248989105225,-0.08231444656848907,-0.3827798068523407,-0.18314144015312195,-0.2970653474330902,-0.20014622807502747,-0.0,-0.11393499374389648,-0.20920050144195557,-0.16134819388389587,-0.1408492922782898,-0.23582494258880615,-0.42977848649024963,-0.23885774612426758,-0.19750571250915527
-0.2817983664572239,-0.0,-0.3433392085134983,-0.3033761717379093,-0.2760133780539036,-0.35789943113923073,-0.3263467587530613,-0.3373514749109745,-0.2856421507894993,-0.3353057838976383,-0.3433992601931095,-0.3274115361273289,-0.23275816813111305,-0.32381171360611916,-0.32548314705491066,-0.3079327382147312,-0.3063559867441654,-0.3223496414721012,-0.3357326127588749,-0.34587347880005836
-0.11599501967430115,-0.09845525026321411,-0.12114590406417847,-0.10643225908279419,-0.09635290503501892,-0.21651291847229004,-0.08567151427268982,0.016335979104042053,-0.07801622152328491,-0.09042257070541382,-0.06966599822044373,-0.09215384721755981,-0.1749248206615448,-0.09073629975318909,-0.05201035737991333,-0.07546165585517883,-0.005338907241821289,-0.0,-0.028420552611351013,-0.0415167361497879
-0.0,-0.037848249077796936,-0.35256263613700867,-0.2863093912601471,0.18552760779857635,-0.14538368582725525,-0.180952250957489,-0.08555479347705841,-0.27702292799949646,-0.04732330143451691,-0.012771651148796082,-0.20845049619674683,-0.09016865491867065,-0.10478363931179047,-0.2964983284473419,-0.1423545777797699,-0.11631081998348236,-0.017795607447624207,0.06221399083733559,0.07828396931290627
-0.3264318257570267,-0.21851835399866104,-0.0,-0.21932099014520645,-0.38685551285743713,-0.3308507949113846,-0.31378449499607086,-0.35615672171115875,-0.28457532823085785,-0.4339628964662552,-0.38407841324806213,-0.12145600467920303,-0.2913482338190079,-0.27338096499443054,-0.30799415707588196,-0.22669851779937744,-0.3324574828147888,-0.335698664188385,-0.35630863904953003,-0.3429640978574753
-0.2023164927959442,-0.2726176381111145,-0.3348916172981262,-0.31255602836608887,0.08203941211104393,-0.23251011967658997,-0.3162890076637268,0.05183001607656479,-0.3210320770740509,0.1177386324852705,0.05443769693374634,-0.29642829298973083,-0.2252928912639618,-0.29700377583503723,-0.3342231512069702,-0.24418625235557556,-0.21031907200813293,-0.07503658533096313,0.1412850245833397,-0.0
-0.05345243215560913,-0.2865857481956482,0.0023811906576156616,0.04309249296784401,-0.1844552457332611,-0.07322549819946289,-0.11412575840950012,-0.17237746715545654,-0.08377397060394287,-0.11308984458446503,-0.09239190816879272,-0.02867240458726883,-0.2487519085407257,-0.02013663947582245,-0.07707703113555908,-0.0,-0.04301577806472778,-0.1308780461549759,-0.14634644985198975,-0.2117135226726532
0.06596758216619492,-0.11835415661334991,-0.03835506737232208,0.016235657036304474,0.19700577855110168,-0.05213584005832672,-0.02468898892402649,-0.009080857038497925,0.003679811954498291,0.004047855734825134,0.007852211594581604,-0.03213904798030853,-0.08357161283493042,0.02976645529270172,-0.03975464403629303,0.013117775321006775,-0.0032004714012145996,-0.0,0.04638384282588959,-0.047026365995407104
-0.44860216975212097,-0.4622233808040619,-0.5153310596942902,-0.5328740775585175,-0.09326063096523285,-0.5579545795917511,-0.48944899439811707,-0.06149616837501526,-0.5193755924701691,-0.0,-0.15628862380981445,-0.5181500613689423,-0.4993978440761566,-0.4919906556606293,-0.5202577412128448,-0.5033232271671295,-0.47396907210350037,-0.17765814065933228,-0.2382725179195404,-0.2398032248020172
-0.028078481554985046,-0.14512165635824203,-0.12797094136476517,-0.06391338258981705,0.033829350024461746,-0.11025016754865646,-0.06368892639875412,-0.0086994469165802,-0.028413452208042145,0.04690652899444103,-0.0018361061811447144,-0.09320581704378128,-0.13156648725271225,-0.007825769484043121,-0.034998372197151184,-0.08373098820447922,0.004676230251789093,0.004094138741493225,-0.025995679199695587,-0.0
-0.0980717372149229,-0.33896481059491634,-0.06136964075267315,-0.0638494472950697,-0.23125570081174374,-0.10161842964589596,-0.0859933327883482,-0.37704317830502987,-0.046936577185988426,-0.2056079711765051,-0.16885041259229183,-0.0,-0.1463483925908804,-0.07537510804831982,-0.06871793232858181,-0.078244773671031,-0.09080093912780285,-0.32445346377789974,-0.22748633287847042,-0.18237521313130856
-0.07321611605584621,-0.08135898783802986,0.031062055379152298,-0.049870807910338044,-0.0621251305565238,-0.1300642155110836,-0.02762000821530819,-0.10655020922422409,-0.12323937192559242,-0.1099853552877903,-0.05305748083628714,0.11115753278136253,-0.16515669599175453,-0.02926775999367237,-0.0985882617533207,-0.0,-0.0349157340824604,-0.11426941677927971,-0.10441696643829346,-0.018063191324472427
-0.0,-0.12455829977989197,-0.0134095698595047,-0.0068697333335876465,-0.053110018372535706,0.01683841645717621,0.042251698672771454,-0.07840932905673981,0.07615750283002853,-0.06090964376926422,0.004708901047706604,-0.0431908518075943,-0.008551269769668579,0.03514090180397034,0.013603828847408295,-0.0469001829624176,-0.04248915612697601,-0.060761481523513794,-0.11741903424263,-0.06737954914569855
0.035115767270326614,-0.10777223855257034,-0.009708166122436523,-0.01557004451751709,-0.0498478040099144,-0.054262660443782806,0.023780178278684616,-0.009203441441059113,0.04782300814986229,0.007910862565040588,-0.0009230300784111023,0.0011186972260475159,-0.048307403922080994,0.11216865852475166,0.05166841298341751,-0.0,0.0008032321929931641,-0.009060829877853394,-0.09176849573850632,-0.010103516280651093
-0.20699549466371536,-0.3313976749777794,-0.16376570612192154,-0.2366418018937111,-0.0,-0.18347293883562088,-0.17592692375183105,-0.13889216631650925,-0.2378101572394371,-0.19002418965101242,-0.22982332855463028,-0.29339344054460526,-0.2273932322859764,-0.23507294803857803,-0.2750280424952507,-0.25040917843580246,-0.2229604497551918,-0.19232208281755447,0.025054551661014557,-0.04082373157143593
-0.10880498960614204,-0.29542137682437897,0.012339100241661072,-0.03950075805187225,-0.3194648027420044,-0.14793144911527634,-0.11818583682179451,-0.4163345545530319,-0.21084068715572357,-0.3387531489133835,-0.258514940738678,-0.1119026280939579,-0.25775593519210815,-0.103504229336977,-0.23855933547019958,-0.0,-0.06858861213549972,-0.31260553002357483,-0.31409692764282227,-0.21083581447601318
-0.2112630493938923,-0.2538674511015415,-0.19901632145047188,-0.12474726513028145,-0.11909397318959236,-0.37445031479001045,0.01857997104525566,-0.09246888384222984,-0.20891888812184334,-0.07343095913529396,-0.07977407053112984,-0.19295910373330116,-0.5450245328247547,-0.05636083707213402,-0.1743471659719944,-0.08224071934819221,-0.0,-0.057248830795288086,-0.11567512527108192,-0.0234659556299448
-0.3762556314468384,-0.250861793756485,-0.8280316591262817,-0.7080066800117493,-0.0,-0.6553288698196411,-0.39794042706489563,-0.12798011302947998,-0.41299688816070557,-0.17896777391433716,-0.15168429911136627,-0.4855368137359619,-0.6858029961585999,-0.44006770849227905,-0.41156306862831116,-0.45907849073410034,-0.2981293797492981,-0.11371955275535583,-0.1411912739276886,-0.23312681913375854
-0.14160249941051006,-0.22307652048766613,-0.1372277643531561,-0.06897099874913692,-0.3256932031363249,-0.4983577858656645,-0.1319508757442236,-0.11805457435548306,-0.0,-0.14292495511472225,-0.1761211883276701,-0.07506492920219898,-0.8479961585253477,-0.05969689227640629,0.020915871486067772,-0.12931463681161404,-0.08924336545169353,-0.12952245585620403,-0.3978459071367979,-0.29769025556743145
-0.71018111333251,-0.0,-1.213620837777853,-0.8659685216844082,-0.43751978501677513,-0.903630968183279,-0.7544580064713955,-0.5728319250047207,-0.9843095503747463,-0.5654255114495754,-0.5734810791909695,-0.8646501861512661,-1.002246554940939,-0.8508768044412136,-1.0103690586984158,-0.6893608532845974,-0.5768178068101406,-0.5337026081979275,-0.2836190275847912,-0.5906944833695889
-0.7474155426025391,-0.6461265087127686,-0.8341394662857056,-0.7299365997314453,-0.10435661673545837,-1.020316243171692,-0.3513393998146057,-0.5111603140830994,-0.7158396244049072,-0.6687052249908447,-0.5576328039169312,-0.6383482217788696,-1.39962899684906,-0.6331563591957092,-0.6366274952888489,-0.5860662460327148,-0.5280556082725525,-0.5854482054710388,0.00820104032754898,-0.0
-0.33492040634155273,-0.44824284315109253,-0.3849114775657654,-0.3955692648887634,-0.4698004424571991,-0.0,-0.1892949491739273,-0.5281180441379547,-0.17338528484106064,-0.42915642261505127,-0.355722576379776,-0.01763201504945755,-0.5747517943382263,-0.17065191268920898,-0.10136760957539082,-0.24589766561985016,-0.3454548120498657,-0.4521874487400055,-0.5469339489936829,-0.47819024324417114
-0.23557222727686167,-0.13401071075350046,-0.46242181304842234,-0.3807058120146394,-0.05312748346477747,-0.3968902314081788,-0.25278607849031687,0.005380096845328808,-0.44733399990946054,-0.0757976109161973,-0.12188830319792032,-0.3965839231386781,-0.32391802314668894,-0.39680466894060373,-0.45926777366548777,-0.3679966116324067,-0.14274401310831308,-0.0,-0.2258648658171296,-0.18348053935915232
-0.03289453033357859,-0.13335666619241238,0.11270383186638355,0.04815264232456684,-0.17161698453128338,-0.15880450420081615,-0.013555007055401802,-0.05644812621176243,-0.06530028395354748,-0.07033354230225086,-0.10433210991322994,0.03149599768221378,-0.08986741118133068,0.0022326093167066574,-0.11470150761306286,-0.0,-0.017002529930323362,-0.05501854233443737,-0.21694266609847546,-0.13772091828286648
0.012232065200805664,-0.13931959867477417,-0.21417000889778137,-0.05235107243061066,-0.07987180352210999,-0.14071735739707947,-0.05287212133407593,0.013688042759895325,0.05526070296764374,-0.0007558763027191162,-0.02297191321849823,-0.1520208716392517,-0.0,-0.051099956035614014,0.007505401968955994,-0.07636864483356476,-0.07932120561599731,-0.048786431550979614,-0.0032827556133270264,-0.08720222115516663
-0.013039126992225647,-0.15940755605697632,0.05824601277709007,0.036020368337631226,-0.059268027544021606,-0.032477617263793945,0.022434502840042114,-0.09426061809062958,-0.004404202103614807,-0.010152161121368408,-0.005623921751976013,0.007114030420780182,-0.1435861587524414,0.019612185657024384,0.001508861780166626,-0.014099933207035065,-0.0,-0.11021029949188232,-0.05282220244407654,0.003991357982158661
0.0020972564816474915,-0.1389898918569088,0.03323305398225784,0.03668355196714401,-0.19592859596014023,-0.04034775495529175,-0.03737150505185127,-0.12852652370929718,-0.0,-0.08275058213621378,-0.06885519251227379,-0.024778924882411957,-0.3185798451304436,0.025925517082214355,-0.023946844041347504,-0.01502799242734909,-0.0346379317343235,-0.10884304158389568,-0.27623627334833145,-0.16737934201955795
-0.30375315994024277,-0.3711810037493706,-0.33096062391996384,-0.319905661046505,-0.21884050220251083,-0.3284295126795769,-0.3284261152148247,-0.14486242085695267,-0.3637288138270378,-0.0,-0.1407686099410057,-0.33547287434339523,-0.36809488385915756,-0.3177977427840233,-0.3784424588084221,-0.34813114255666733,-0.33403273671865463,-0.27063118666410446,-0.19326692074537277,-0.34675075858831406
-0.06844480615109205,-0.2020145282149315,-0.0435308963060379,-0.04622715525329113,-0.23074354976415634,-0.07157804351300001,-0.10617659240961075,-0.22961492091417313,-0.08537229709327221,-0.21103016287088394,-0.11980704218149185,-0.0,-0.062465257942676544,-0.060706350952386856,-0.11309861019253731,-0.09453188441693783,-0.12302501499652863,-0.17446739226579666,-0.2322559580206871,-0.228742815554142
-0.11720585078001022,-0.15277058631181717,-0.0,0.026342220604419708,-0.16364694386720657,-0.08102617412805557,-0.06058330088853836,-0.3198826387524605,-0.07496871799230576,-0.19890693575143814,-0.15506748110055923,-0.03424189239740372,-0.24270931631326675,-0.041660524904727936,-0.10726543515920639,-0.01756977289915085,-0.028638355433940887,-0.2375049665570259,-0.16997546702623367,-0.11147316545248032
-0.10780645767226815,-0.10570055106654763,-0.22368515143170953,-0.10241065779700875,-0.0932986349798739,-0.16979197273030877,-0.09355775872245431,-0.09069480607286096,-0.12966472515836358,-0.0,0.03268895437940955,-0.1384842754341662,-0.279811626765877,-0.06246645236387849,-0.1192770884372294,-0.14410086581483483,-0.12446711072698236,-0.11491744080558419,-0.17003793129697442,0.05317269777879119
-0.027709882706403732,-0.0,-0.09533553197979927,-0.014439806342124939,-0.13284388557076454,-0.146856639534235,-0.04222993925213814,-0.07710381224751472,-0.006348922848701477,-0.09511587396264076,-0.06401379033923149,-0.024173814803361893,-0.10109930112957954,-0.008080597966909409,-0.04189429059624672,-0.055720698088407516,-0.05111563578248024,-0.04183235391974449,-0.1605677641928196,-0.11528243497014046
-0.03365587070584297,-0.07005506101995707,-0.2650342807173729,-0.2725055143237114,-0.0,-0.22611521929502487,-0.13070952519774437,-0.03133704140782356,-0.24472440034151077,-0.06538664922118187,-0.07237634807825089,-0.2143818661570549,-0.10285399854183197,-0.20983632653951645,-0.28325047343969345,-0.15364745259284973,-0.06538872793316841,-0.021146178245544434,0.055667705833911896,-0.026282932609319687
-0.03275415673851967,-0.1413995437324047,-0.049908032873645425,-0.06277143955230713,-0.21912023797631264,-0.07665481604635715,-0.09511996433138847,-0.1352941356599331,0.015543412417173386,-0.13863514736294746,-0.1365431360900402,-0.05669356323778629,-0.24905634298920631,-0.07650819979608059,-0.054284851998090744,-0.01701044850051403,-0.0,-0.08973285183310509,-0.26848720386624336,-0.1078670583665371
0.0306912362575531,-0.07584795355796814,-0.09202843904495239,-0.02544809877872467,-0.07913722097873688,-0.11452803015708923,0.0025758594274520874,-0.12679851055145264,-0.08526578545570374,-0.1315765082836151,-0.0839398205280304,-0.0,-0.12428274750709534,-0.05512523651123047,-0.08422218263149261,-0.009675964713096619,-0.006375297904014587,-0.032167837023735046,-0.1071961522102356,-0.01754651963710785
-0.11467698216438293,-0.06942910328507423,-0.8265808597207069,-0.5811193063855171,-0.15446871146559715,-0.1840325966477394,-0.4434485211968422,0.037247978150844574,-0.4909992590546608,-0.02879142016172409,-0.05197891220450401,-0.5224417522549629,-0.6693982854485512,-0.4097744897007942,-0.313459075987339,-0.2791544869542122,-0.2569947615265846,-0.0,-0.4028072729706764,-0.36349163204431534
-0.3072798550128937,-0.20927980169653893,-0.27459608018398285,-0.31146493554115295,-0.06428646296262741,-0.6132388710975647,-0.2033395804464817,-0.06439071148633957,-0.3003155291080475,-0.13862289115786552,-0.15892943181097507,-0.11481356620788574,-1.1689462959766388,-0.2544146031141281,-0.3420420438051224,-0.2402057945728302,-0.0411645844578743,-0.08357267081737518,-0.04637698084115982,-0.0
-0.0,-0.1466432623565197,-1.3848521374166012,,-0.2401723526418209,-0.5618748925626278,-0.683316495269537,-0.12797747924923897,,-0.02486136555671692,,-1.2139454744756222,-1.0977899692952633,,-0.7180778048932552,-0.41659873351454735,-0.3123210333287716,-0.0837157629430294,,-0.38385527953505516
-0.8340858519077301,-0.9638561904430389,-0.0,-0.7128868997097015,-0.7182093560695648,-1.038825124502182,-0.4945651590824127,-0.859017938375473,-1.1086799800395966,-1.0149444043636322,-0.6406494081020355,-0.8223889768123627,-0.9348420798778534,-0.8950697481632233,-1.1089877784252167,-0.7222007215023041,-0.5942288935184479,-0.8125614821910858,-0.9060535132884979,-0.5669972598552704
-0.31201840192079544,-0.3855173960328102,-0.5922748222947121,-0.6271301284432411,-0.3049820736050606,-0.5592009797692299,-0.5022337809205055,-0.6228108182549477,-0.5702382102608681,-0.5054027214646339,-0.3061435595154762,-0.3265751674771309,-1.0914820805191994,-0.35556215792894363,-0.3942207470536232,-0.0,-0.09095325320959091,-0.5972893610596657,-0.378756083548069,-0.2561301961541176
-1.0845821499824524,-1.0195258855819702,-1.056516706943512,-1.0486012697219849,-0.0,-1.2238727807998657,-1.055158257484436,-0.9707525968551636,-1.202815294265747,-0.7182170748710632,-0.38773828744888306,-1.1512027978897095,-1.3224626779556274,-0.9563375115394592,-1.0373406410217285,-1.0479313135147095,-1.1585301160812378,-1.0622442364692688,-0.9376221299171448,-0.557275265455246
-0.4457921162247658,-0.41913313418626785,-1.00300083309412,-0.8969462290406227,-0.4272840991616249,-0.8711629286408424,-1.2700170055031776,-0.2032075896859169,-1.0792695060372353,-0.26374388486146927,-0.4449502006173134,-0.8971164599061012,-1.0575136914849281,-0.8522547259926796,-1.096519686281681,-0.6889267936348915,-0.2724999859929085,-0.0,-1.2603755965828896,-1.0657839551568031
-0.5112979412078857,-0.21617034077644348,-1.2936567068099976,-1.078974723815918,-1.1278551816940308,-1.2380995750427246,-1.3419996500015259,-0.0,-1.09131920337677,-0.10795241594314575,-0.5066209435462952,-1.1640809774398804,-1.1399809122085571,-0.9331420063972473,-1.28786301612854,-0.8064594268798828,-0.39004039764404297,0.012464828789234161,-0.92439204454422,-1.4110163450241089
-0.31085765548050404,-0.48358297534286976,-0.6218545455485582,-0.5507196206599474,-0.7848228234797716,-0.4734047967940569,-0.6227694172412157,-0.5898233074694872,-0.10026849247515202,-0.46780854649841785,-0.25505472905933857,-0.4246331471949816,-0.4315213281661272,-0.2923606354743242,-0.0,-0.27654516883194447,-0.32706144638359547,-0.6325709838420153,-0.7875328082591295,-0.6218709964305162
-0.29194073006510735,-0.4890773110091686,-0.6963271014392376,-0.3628369979560375,-0.5630906336009502,-0.0,-0.39145658537745476,-0.9408781044185162,-0.37267814204096794,-0.6509692184627056,-0.44473985955119133,-0.43795548006892204,-0.9526525847613811,-0.33257560059428215,-0.4390372447669506,-0.41374723240733147,-0.6964710466563702,-0.7311058156192303,-0.6146031729876995,-0.4977186731994152
-0.11253655515611172,-0.24054099433124065,-0.0,-0.13988258503377438,-0.17459730617702007,-0.1761122327297926,-0.11301485262811184,-0.33914261870086193,-0.10900059901177883,-0.25823999755084515,-0.09256955794990063,-0.09046232514083385,-0.5422281306236982,-0.135478338226676,-0.14593262784183025,-0.08297033421695232,-0.34733900241553783,-0.30189585499465466,-0.3594625573605299,-0.203593535348773
-0.3566073775291443,-0.4815024733543396,-0.09068918228149414,-0.0,-0.5204447507858276,-0.48449456691741943,0.015817776322364807,-0.8302022218704224,-0.5428935885429382,-0.572367787361145,-0.273323118686676,-0.4124618172645569,-0.7879315614700317,0.010124459862709045,-0.7327343225479126,-0.44302988052368164,-0.48581331968307495,-0.5261625647544861,-0.27006131410598755,-0.5173451900482178
-0.5053862631320953,-0.42361900210380554,-0.9494389593601227,-0.6550920307636261,-0.578904926776886,-0.7910992801189423,-0.8304179608821869,-0.09017385030165315,-0.5931814610958099,-0.04082164913415909,-0.25584040582180023,-0.836313933134079,-0.9517756998538971,-0.4056243598461151,-0.4378790557384491,-0.6688766181468964,-0.35795140266418457,-0.0,-0.7059656083583832,-0.6815822422504425
0.014504964929074049,-0.06650905730202794,-0.006289048586040735,-0.03159922035411,-0.15986065985634923,-0.058375049848109484,-0.05658847885206342,-0.09825025917962193,0.020716126542538404,-0.17770225228741765,-0.08155803056433797,-0.04770872788503766,-0.0047497875057160854,0.0037303530843928456,-0.0,0.04517881525680423,-0.03360117273405194,-0.031966928858309984,-0.11339933844283223,-0.0944993537850678
-0.3944733142852783,-0.25459951162338257,-0.29417558014392853,-0.11788051575422287,-0.26250365376472473,-0.4686610698699951,-0.34266892075538635,-0.6725100874900818,-0.3355129361152649,-0.35192304849624634,-0.33288712799549103,-0.32219016551971436,-1.0698618292808533,-0.0,-0.4102809429168701,-0.3277541399002075,-0.41305121779441833,-0.5736581385135651,-0.45868363976478577,0.21289700269699097
-0.8516386784613132,-0.5982553400099277,-0.8143534101545811,-1.599461380392313,-0.839958731085062,-1.1936201490461826,-0.8750501908361912,-0.0,-1.261193934828043,-0.286874208599329,-0.4628790058195591,-0.9210973419249058,-1.0881271995604038,-0.9810569919645786,-1.1884722150862217,-1.066703263670206,-0.8868365921080112,-0.13166170194745064,-1.1155282892286777,-1.193496409803629
-0.0,-0.2933933362364769,-0.3776397034525871,-0.1846071109175682,-0.5026802942156792,-0.16807665675878525,-0.3915390893816948,-0.441308431327343,-0.27299004048109055,-0.4697790667414665,-0.2969566807150841,-0.44539182633161545,-0.9593985602259636,-0.1335877999663353,-0.2164352461695671,-0.19399111717939377,-0.32564105838537216,-0.3016560301184654,-0.23323168605566025,-0.5171257182955742
-0.59683957695961,-0.7095125615596771,-0.8343581259250641,-0.8017231523990631,-0.8672782480716705,-0.6992516219615936,-0.7765761315822601,-0.5425888001918793,-0.5734390914440155,-0.6185541450977325,-0.6575376689434052,-0.8194364607334137,-0.0,-0.7120468318462372,-0.6515519320964813,-0.6686330139636993,-0.5817799866199493,-0.45326676964759827,-0.9602889716625214,-0.8457824885845184
-0.19649437069892883,-0.1096973717212677,-0.25581496953964233,-0.2190980315208435,-0.08953656256198883,-0.0,-0.09671932458877563,-0.3841457962989807,-0.06644096970558167,-0.12895682454109192,-0.11403834819793701,-0.03936581313610077,-1.0558601021766663,-0.13744884729385376,-0.08175966143608093,-0.16937342286109924,-0.2877063453197479,-0.36604851484298706,-0.2786545753479004,-0.09792843461036682
0.09991871565580368,-0.1437748298048973,-0.5207809135317802,-0.06538897100836039,-0.3222362771630287,-0.04469948448240757,-0.21229995042085648,-0.15757445991039276,-0.08208392420783639,-0.23559001833200455,0.0017207413911819458,-0.2685328796505928,-0.6018522903323174,-0.0,-0.10464144498109818,-0.030574604868888855,-0.039239365607500076,-0.07032675901427865,-0.4350966438651085,-0.27794697135686874
-0.08160149864852428,-0.19457448460161686,-0.20833618380129337,-0.1049386877566576,-0.16864892281591892,-0.11785565502941608,0.07302255742251873,-0.17042157985270023,-0.03887081891298294,-0.24408304132521152,-0.14553559012711048,-0.09491542167961597,-0.2578470204025507,-0.05174950510263443,0.03650583513081074,-0.0019366741180419922,-0.0,-0.0900344792753458,-0.24408305622637272,-0.18658184446394444
-0.6167555153369904,-0.7134051024913788,-0.6214141547679901,-0.7334104478359222,-0.9878783524036407,-0.0,-0.6556333005428314,-1.1731561720371246,-0.7373779118061066,-0.8105819523334503,-0.7393158376216888,-0.5844134390354156,-1.2980699837207794,-0.7038414180278778,-0.8168945014476776,-0.5607255697250366,-0.6889865100383759,-1.2447042763233185,-0.8186728060245514,-0.7503372132778168
-0.12955011799931526,-0.12893369421362877,-0.3385650999844074,-0.30335118249058723,-0.06805390119552612,-0.22698156908154488,0.017727427184581757,0.03588279336690903,-0.0,-0.06222572922706604,-0.09994393959641457,-0.13501347973942757,-0.11220073327422142,-0.21805957332253456,-0.02619299408979714,-0.16683254018425941,0.019483812153339386,0.06413566693663597,-0.19027948752045631,0.008433643728494644
-0.6664421558380127,-0.5711935758590698,-1.4590333700180054,-1.2065037488937378,-0.770521342754364,-1.0206671953201294,-1.0014440417289734,-0.0,-1.0265721082687378,-0.4486454725265503,-0.45569756627082825,-1.0365231037139893,-1.004930019378662,-0.7449588179588318,-1.1132454872131348,-0.8570885062217712,-0.5403648018836975,-0.1652720421552658,-0.9334024786949158,-1.1380447149276733
-0.0,-0.26182882487773895,-0.7802726477384567,-0.8975027054548264,-0.5908123403787613,-0.461513414978981,-0.47285838425159454,-0.4624231606721878,-0.7412935346364975,-0.7729786485433578,-0.5586710721254349,-0.4808807820081711,-0.21227969229221344,-0.5336111932992935,-0.6035132855176926,-0.14707141742110252,-0.23987257480621338,-0.3285025805234909,-0.8017524927854538,-0.5220199972391129
-0.17442068923264742,-0.24027559906244278,-0.0,-0.1473636720329523,-0.2857588976621628,-0.3506758511066437,-0.26136378943920135,-0.42261427640914917,-0.150062276981771,-0.2218245044350624,-0.18655640445649624,-0.06313706189393997,-1.0783689618110657,-0.04980397969484329,-0.15202454011887312,-0.1440619844943285,-0.24940940737724304,-0.4171180725097656,-0.24834468215703964,-0.2658218517899513
-0.3773560915142298,-0.32096300460398197,-0.650746950879693,-0.7077249977737665,-0.024791980162262917,-0.5171921942383051,-0.2991305384784937,-0.31050742603838444,-0.33258391357958317,-0.18295780755579472,-0.2519597802311182,-0.2432492170482874,-1.2854546997696161,-0.444796422496438,-0.41228471137583256,-0.4373155925422907,-0.5326725337654352,-0.3890955839306116,-0.28915790654718876,-0.0
-0.617868222296238,-0.6401422992348671,-0.7437379136681557,-1.5488312020897865,-1.1725238338112831,-0.6527722850441933,-1.0555851235985756,-1.1229276433587074,-1.1653171554207802,-1.9611706510186195,-0.9943665638566017,-0.0,-1.2618456855416298,-0.8680110350251198,-1.1075054183602333,-0.41596899181604385,-0.9694288149476051,-1.0894294753670692,-1.0880794301629066,-1.0872413888573647
-1.5298516675829887,-0.914055161178112,-1.1335118934512138,-1.109431616961956,-0.38722943514585495,-1.2045252248644829,-0.9920073673129082,-0.7706571146845818,-1.1673809215426445,-0.8025351092219353,-0.8357688710093498,-1.141208402812481,-1.5696458742022514,-1.4294677898287773,-1.2223414108157158,-1.2262804433703423,-1.0555255338549614,-0.9368860647082329,-1.035110168159008,-0.0
-0.2415314707905054,-0.34078789688646793,-0.7391555402427912,-0.7745208237320185,-0.5581193063408136,-0.5097056720405817,-0.16267354227602482,-0.7583637926727533,-0.0,-0.5965758059173822,-0.45377237536013126,-0.2775706145912409,-0.752615163102746,-0.3749074134975672,-0.13185151852667332,-0.45157370902597904,-1.097973058000207,-0.4989978466182947,-0.9099890682846308,-0.5279589984565973
-0.8084312472492456,-0.4747916553169489,-1.5339994821697474,-1.1438976917415857,-0.6450276765972376,-1.261432209983468,-1.1376626882702112,-0.07616315223276615,-1.1705141458660364,-0.0,-0.20100932754576206,-1.0207457933574915,-0.8249984178692102,-1.0663855466991663,-1.1642980966717005,-1.0171741638332605,-0.5244685802608728,-0.10460549034178257,-1.086924472823739,-1.1189881954342127
-0.24360961467027664,-0.4909493997693062,-0.33534616976976395,-0.4571077302098274,-0.740256555378437,-0.25747451931238174,-0.45062733441591263,-0.672333724796772,-0.40965766459703445,-0.6551801040768623,-0.5634719803929329,-0.2908133640885353,-0.0,-0.46064019948244095,-0.43761277943849564,-0.2340151146054268,-0.3798339441418648,-0.6045920923352242,-0.720963604748249,-0.7037594988942146
-0.08508402854204178,-0.20964530482888222,-0.0,-0.05037654750049114,-0.16447751596570015,-0.1292625479400158,-0.10103486105799675,-0.08980689197778702,-0.06880446150898933,-0.034766048891469836,-0.07830938696861267,-0.05550575070083141,-0.07730282843112946,-0.12055858597159386,-0.0914933942258358,-0.08997209370136261,-0.10045116022229195,-0.08746729418635368,-0.1485867165029049,-0.14888030663132668
-0.15785781294107437,-0.2480444237589836,-0.0,-0.11478173732757568,-0.2478216364979744,-0.1522689238190651,-0.12498905509710312,-0.23138225823640823,-0.11895767599344254,-0.23841094225645065,-0.20219790190458298,0.04269079491496086,-0.20329879969358444,-0.12936624139547348,-0.15059375017881393,-0.1139003336429596,-0.11548348516225815,-0.21313432604074478,-0.23712880164384842,-0.208301343023777
-0.864578403532505,-0.8321127668023109,-1.1715398207306862,-0.9768177643418312,-0.0,-1.110783375799656,-0.5356855168938637,-0.5268207862973213,-1.107968844473362,-0.4185585156083107,-0.42176953703165054,-1.0678829327225685,-0.8788978233933449,-1.0191063657402992,-1.0499232187867165,-1.0138183012604713,-0.848829485476017,-0.5601995661854744,-0.06071552634239197,-0.34740620106458664
-0.2024675658904016,-0.01403143210336566,-0.3593901596032083,-0.2412277958355844,-0.009041096549481153,-0.44972594594582915,-0.09796942537650466,0.0009418711997568607,-0.04323611920699477,-0.013137002941220999,-0.015716915484517813,-0.15007213270291686,-0.7751299343071878,-0.09972576564177871,-0.034066697116941214,-0.17987719690427184,-0.0,0.049556820187717676,-0.1882270178757608,-0.027564296033233404
-0.8620630949735641,-0.8280848115682602,-1.4650146216154099,-1.0817573517560959,-0.9865937680006027,-0.0,-1.0799372643232346,-1.0692519396543503,-1.047714278101921,-0.9150889366865158,-1.0148841589689255,-1.320482537150383,-1.135218784213066,-1.0059973448514938,-1.1082172840833664,-1.0562373846769333,-0.9883530586957932,-0.9239985793828964,-1.0858996361494064,-0.9278041571378708
-0.6172789484262466,-0.0,-1.4884947091341019,-0.88411845266819,-0.5263927131891251,-1.0815161019563675,-1.0391357690095901,-0.3196215480566025,-1.4113295823335648,-0.43817664682865143,-0.43934841454029083,-1.1013003140687943,-0.9560886174440384,-1.0218561440706253,-1.2462001591920853,-0.9896796494722366,-0.8837255388498306,-0.4809637814760208,-0.6895644813776016,-0.7944258004426956
-0.7073897197842598,-0.7169748619198799,-1.4747416451573372,-1.214188165962696,-1.0518618896603584,-1.5763836577534676,-1.09941978007555,-0.16712196916341782,-0.857651062309742,-0.6681857779622078,-0.6088996008038521,-1.0291204527020454,-1.8092468455433846,-1.0453070476651192,-0.9668117240071297,-1.0337783172726631,-0.47504452615976334,-0.0,-1.7513194754719734,-1.056455560028553
-0.20914044231176376,-0.21349520981311798,-1.0619617402553558,-1.2132156789302826,0.05693310499191284,-0.4866825342178345,-0.38611698150634766,-0.0,-0.7818111479282379,-0.06373235583305359,-0.06757206469774246,-0.8037419617176056,-1.0340135395526886,-0.7163192927837372,-0.9646727740764618,-0.4179428517818451,-0.2832106351852417,-0.09115284960716963,-0.07846465706825256,-0.08717966824769974
-0.0,-0.40039317309856415,-0.7979692369699478,-0.8669876009225845,-0.4848317354917526,-0.2737749069929123,-0.5461299568414688,-0.43201665580272675,-0.7433424144983292,-0.6632058173418045,-0.3884143531322479,-0.5752068310976028,-0.8623067289590836,-0.5838066190481186,-0.8113612085580826,-0.1056157611310482,-0.18797954730689526,-0.3618721663951874,-0.2834053114056587,-0.3249211609363556
-0.514720618724823,-0.5532110035419464,-0.8160353899002075,-0.5960571765899658,-0.25634995102882385,-0.6321611404418945,-0.5442678928375244,-0.4487729072570801,-0.40402983129024506,-0.4879058003425598,-0.3326985836029053,-0.6406927704811096,-1.1658029556274414,-0.4263090342283249,-0.4263342469930649,-0.4725194275379181,-0.4317271411418915,-0.47653254866600037,-0.0,-0.3151092529296875
-0.31443677842617035,-0.2969755381345749,-0.47211501002311707,-0.4058486670255661,-0.8998282551765442,-0.3504529148340225,-0.5801728367805481,-0.6738243103027344,-0.3911139816045761,-0.6226107180118561,-0.5412473976612091,-0.0,-0.2467447742819786,-0.37941519916057587,-0.3702685236930847,-0.32989566028118134,-0.5205278396606445,-0.5518839061260223,-0.8121823072433472,-0.8635497093200684
-0.03285685181617737,-0.3843584656715393,-0.5915476679801941,-0.5552265644073486,-0.8350176215171814,-0.3757205605506897,-0.6680879592895508,-0.6814108490943909,-0.7375457882881165,-0.8351758718490601,-0.55925652384758,-0.38647082448005676,-1.2089813947677612,-0.5023790001869202,-0.6511316895484924,-0.0,-0.1355980345979333,-0.3641541600227356,-0.482259064912796,-0.6594695448875427
-0.11502963583916426,-0.18667884450405836,-0.38627180736511946,-0.5120058683678508,-0.376292678527534,-0.24667932372540236,-0.20985092502087355,-0.23567647021263838,-0.0529734930023551,-0.13861851673573256,-0.18393816333264112,-0.0,-0.6593216685578227,-0.253827634267509,-0.12764284294098616,-0.40277001541107893,-0.3551770178601146,-0.030844620428979397,-0.3166693476960063,-0.36602339427918196
0.002105012536048889,-0.1708490327000618,0.00816844031214714,0.0002852007746696472,-0.1339835748076439,-0.04848216474056244,0.04106434807181358,-0.05113250017166138,0.008868776261806488,-0.049555838108062744,-0.057620152831077576,-0.0,-0.16688986867666245,-0.03752743452787399,-0.03647821396589279,-0.003594920039176941,-0.035494014620780945,-0.08851810544729233,-0.15660085529088974,-0.07282320410013199
-0.09207899868488312,-0.13981489837169647,-0.09591421484947205,-0.034476593136787415,-0.13544605672359467,-0.34460873901844025,-0.08964285254478455,0.03706440329551697,-0.07260850071907043,-0.0,-0.022481024265289307,-0.18266122043132782,-0.31188492476940155,-0.0242491215467453,-0.12427292764186859,-0.3177056759595871,-0.3082341104745865,0.03260697424411774,-0.12310241162776947,-0.14352034032344818
-0.7504926398396492,-0.7572167590260506,-0.0,-0.40915925055742264,-0.7623900845646858,-0.877593882381916,-0.7342603877186775,-0.43708882480859756,-0.9805070236325264,-0.5459497645497322,-0.6786166504025459,-0.7697258666157722,-1.0083053186535835,-0.905340202152729,-1.0337882712483406,-0.7358439639210701,-0.6445434764027596,-0.5434183552861214,-1.0163803771138191,-0.7056104615330696
-0.06187043711543083,-0.39703113585710526,-0.7194473519921303,-0.6757254377007484,-0.6149458661675453,-0.2485930696129799,-0.5689361467957497,-0.606095589697361,-0.5731119886040688,-0.6413801684975624,-0.5479615703225136,-0.4963657930493355,-0.6891528740525246,-0.5478376522660255,-0.5860983207821846,-0.0,-0.34805137664079666,-0.503231830894947,-0.6342974677681923,-0.5673198476433754
-0.03677922487258911,-0.1255061775445938,-0.16480404138565063,-0.07713428139686584,-0.1211484968662262,-0.2651827037334442,-0.06981357932090759,-0.09570883214473724,-0.0,-0.10159781575202942,-0.07229024171829224,-0.07720726728439331,-0.3325662910938263,-0.040285706520080566,-0.03923693299293518,-0.03891877830028534,-0.047788843512535095,-0.07346227765083313,-0.05082690715789795,-0.10478344559669495
-0.04248189181089401,-0.3154802545905113,-0.09394482523202896,-0.04706241935491562,-0.09871134907007217,-0.20122411102056503,-0.06816305965185165,-0.0012688934803009033,-0.03338697552680969,-0.0504908487200737,-0.0935397669672966,-0.09531433135271072,0.02060592919588089,-0.039509378373622894,-0.04763457924127579,-0.08483361452817917,-0.062070392072200775,-0.0,-0.1178194209933281,-0.10758549720048904
-0.14934837073087692,-0.375887468457222,-0.11905313283205032,-0.08462672993482556,-0.22036750614643097,-0.0,-0.14096025004982948,-0.20829813927412033,-0.13936354964971542,-0.1963752657175064,-0.18333713710308075,-0.09519005566835403,-0.1308232843875885,-0.1320611611008644,-0.15843888372182846,-0.1442742422223091,-0.14460310712456703,-0.20052184909582138,-0.19846735894680023,-0.1915934979915619
-0.3479976952075958,-0.4487520456314087,-0.406032919883728,-0.3812026232481003,-0.4419485032558441,-0.0,-0.40644437074661255,-0.4094293713569641,-0.39770618081092834,-0.40766388177871704,-0.4022631049156189,-0.37043648958206177,-0.43645045161247253,-0.3782912641763687,-0.4089213013648987,-0.3500147759914398,-0.3726418614387512,-0.3980582058429718,-0.46235135197639465,-0.4150858521461487
-0.23814133554697037,-0.35970595479011536,-0.24774402379989624,-0.23999900370836258,-0.4326201379299164,-0.29486648738384247,-0.3050859719514847,-0.4509010314941406,-0.375387966632843,-0.4546610116958618,-0.3473561555147171,-0.0,-0.4408777356147766,-0.2336733192205429,-0.346739798784256,-0.28940559923648834,-0.29930220544338226,-0.3576243966817856,-0.4832102060317993,-0.32722577452659607
-0.3297680392861366,-0.4540242329239845,-0.2595180347561836,-0.355995275080204,-0.27306223660707474,-0.3076022192835808,-0.2645791843533516,-0.3729115501046181,-0.25874122232198715,-0.373256154358387,-0.36748913675546646,-0.2952595576643944,-0.28277935832738876,-0.2829688563942909,-0.1902853474020958,-0.28930728882551193,-0.28014954179525375,-0.35235414654016495,-0.3742562606930733,-0.0
-0.052205368876457214,-0.2057986855506897,0.004184368997812271,0.017043527215719223,-0.16398166120052338,-0.04874061793088913,-0.04150974750518799,-0.16566282510757446,-0.027877382934093475,-0.16125866770744324,-0.08436039090156555,-0.0,-0.3945992887020111,0.02421894483268261,-0.04735308885574341,-0.06561499089002609,-0.3483508825302124,-0.15087950229644775,-0.19302086532115936,-0.14102904498577118
-0.38515035808086395,-0.3520840257406235,-0.7221321165561676,-0.6170707643032074,-0.11370019987225533,-0.6983344256877899,-0.15050150640308857,-0.27971236407756805,-0.36338813602924347,-0.1472693607211113,-0.23257263749837875,-0.39779604971408844,-0.44036078453063965,-0.19260688498616219,-0.5141786336898804,-0.3912789821624756,-0.49953901767730713,-0.4013872444629669,-0.4174102544784546,-0.0
0.03213075455278158,-0.10798458103090525,-0.17277094814926386,-0.036753143183887005,-0.0012585651129484177,-0.004132889211177826,0.04023639019578695,-0.08660868648439646,0.21796350087970495,-0.0,0.07573365326970816,-0.052258254028856754,-0.6421107659116387,0.17441524472087622,0.1292679300531745,0.07754427846521139,0.018594040535390377,-0.04365523625165224,-0.020929320715367794,0.010630876757204533
-0.23292948305606842,-0.2900145351886749,-0.8491044491529465,-0.4460511654615402,0.0816914290189743,-0.5448337942361832,-0.15260431170463562,-0.37136052548885345,0.01922280341386795,-0.22080066800117493,-0.17232290655374527,-0.40234963595867157,-1.2063208669424057,-0.2715202271938324,-0.1517864614725113,-0.1317475102841854,-0.36969126760959625,-0.22610649466514587,-0.21914683282375336,-0.0
-0.8128827661275864,-1.1256708949804306,-1.1162357181310654,-1.1739607900381088,-1.504248008131981,-1.3204822391271591,-0.9805864542722702,-1.1760164350271225,-0.5050751715898514,-1.1428515762090683,-0.9843528121709824,-0.9751854985952377,-1.0717735141515732,-1.0298866480588913,-0.0,-0.8788965791463852,-0.8806429952383041,-0.9715753644704819,-1.0999982804059982,-1.0389975160360336
-0.02439919114112854,-0.22140762954950333,-0.44488710910081863,-0.3814390078186989,-0.11774408258497715,-0.18266203999519348,-0.24468842893838882,0.007304653525352478,-0.43384770303964615,-0.0,0.03048594295978546,-0.17541009932756424,-0.2627720609307289,-0.082686061039567,-0.2890990898013115,-0.11172868683934212,-0.2043675109744072,-0.15924569964408875,-0.1190557200461626,-0.35010386258363724
-0.39720021933317184,-0.3469241186976433,-0.9231870695948601,-0.5521368905901909,-0.0,-0.47824808210134506,-0.1541845202445984,-0.302530013024807,-0.3153354451060295,-0.1642213836312294,-0.10491398721933365,-0.4378339573740959,-0.7298241779208183,-0.4185316488146782,-0.4427388831973076,-0.49058376997709274,-0.3535887822508812,-0.23500772565603256,-0.30851801484823227,-0.3042966350913048
-0.33316144347190857,-0.7137070596218109,-0.7363828122615814,-0.7697534263134003,-0.8585353791713715,-0.4117458164691925,-0.4328455626964569,-0.7913384735584259,-0.30310991406440735,-0.6455804407596588,-0.590130478143692,-0.5134767591953278,-0.8878935277462006,-0.6330173909664154,-0.0,-0.3766758143901825,-0.7082224190235138,-0.868232399225235,-0.8792981803417206,-0.7823788821697235
-0.049792210571467876,-0.2598071089014411,-0.03142830077558756,-0.022627318277955055,-0.19646529760211706,-0.08298307564109564,0.006295294500887394,-0.16656759288161993,-0.0,-0.1618509879335761,-0.1335568791255355,-0.0610463535413146,-0.06497334595769644,-0.050331844948232174,-0.06296761240810156,-0.03820348251610994,-0.049880112521350384,-0.11880227830260992,-0.2050265958532691,-0.13431999739259481
-0.02297083754092455,-0.12092501483857632,-0.017273055389523506,0.018739992752671242,-0.12401965819299221,-0.03753362223505974,-0.05014133267104626,-0.1162791084498167,0.0184734258800745,-0.19677206687629223,-0.12196892313659191,0.003212949261069298,-0.22751612775027752,0.00517694465816021,-0.011720588430762291,-0.0,0.021507052704691887,-0.05120070278644562,-0.1956151258200407,-0.11785660497844219
0.0028028860688209534,-0.07788197044283152,-0.09886912256479263,-0.08347972854971886,-0.12315532751381397,-0.12457423657178879,-0.017997726798057556,-0.033060260117053986,0.12171351164579391,-0.058718208223581314,-0.06366200000047684,-0.0,0.08375629037618637,-0.03219583258032799,0.04199425131082535,-0.026066988706588745,-0.018996164202690125,0.002040661871433258,-0.18242483586072922,-0.11162629164755344
-0.5680570490658283,-0.4089156277477741,-1.0178635008633137,-0.9227597005665302,-0.44878460839390755,-0.8042738921940327,-0.7027585990726948,-0.020505741238594055,-0.8750588782131672,-0.0,-0.2037886567413807,-0.5740907080471516,-1.0147018320858479,-0.6647124774754047,-1.0321478731930256,-0.6657851822674274,-0.46920375898480415,-0.12697400525212288,-1.0782889015972614,-0.6302090771496296
-0.06840719096362591,-0.12665515020489693,-0.10620800778269768,-0.01246870867908001,-0.13994452729821205,-0.1239539347589016,-0.08300144225358963,-0.13123418018221855,-0.0,-0.06360228732228279,-0.07987099885940552,-0.0834290198981762,-0.256755243986845,-0.03340962575748563,-0.016200076788663864,-0.07945623248815536,-0.10956767573952675,-0.13916190341114998,-0.2564263753592968,-0.13452086225152016
-0.1117279939353466,-0.38504600897431374,-0.3361680842936039,-0.314487311989069,-0.3049076236784458,-0.191243264824152,-0.36093584075570107,-0.4067111648619175,-0.39664072170853615,-0.5299704112112522,-0.39696869626641273,-0.3412752188742161,-0.0,-0.31598374620079994,-0.46262550726532936,-0.23103182390332222,-0.3745897151529789,-0.32651257887482643,-0.34881434217095375,-0.33078617230057716
-0.20979245752096176,-0.28486601263284683,-0.3075794354081154,-0.26692185550928116,-0.0,-0.05680496245622635,-0.12143418937921524,-0.41263116151094437,-0.3688761666417122,-0.17431294173002243,-0.15904784947633743,-0.17053049057722092,-0.7718521729111671,-0.17667216807603836,-0.2703448608517647,-0.20414844900369644,-0.3126433864235878,-0.41889599710702896,-0.03099162131547928,0.04711121320724487
-0.20305852964520454,-0.30583881214261055,-0.17353804782032967,-0.0,-0.36869214847683907,-0.17834706977009773,-0.21091966703534126,-0.40116070583462715,-0.33463453128933907,-0.45675157383084297,-0.24418141320347786,-0.32373907044529915,-1.188884187489748,-0.0652139000594616,-0.35791321471333504,-0.25296996906399727,-0.24143796041607857,-0.31144954636693,-0.38868607953190804,-0.3466046042740345
-0.3755246549844742,-0.30107085406780243,-0.61252860724926,-0.5053213089704514,-0.44359947741031647,-0.5487743467092514,-0.2438172847032547,-0.30437158048152924,-0.08391052484512329,-0.2842295318841934,-0.2607400566339493,-0.4113358408212662,-0.6431729644536972,-0.11359481513500214,-0.0,-0.3261198252439499,-0.3558923155069351,-0.32733918726444244,-0.37184707820415497,-0.3991553336381912
-0.6139750927686691,-0.5236416608095169,-0.0,-0.4819590598344803,-0.7184063941240311,-0.7308201938867569,-0.6049423366785049,-0.6374251395463943,-0.8747644573450089,-0.8163342624902725,-0.7227796465158463,-0.6056270748376846,-0.8668916970491409,-0.6164913028478622,-0.8497557789087296,-0.5410636514425278,-0.6948239356279373,-0.5734375268220901,-0.7687937170267105,-0.6531938463449478
-0.1569886952638626,-0.08825656771659851,-0.09656037390232086,-0.0236005038022995,-0.2282700389623642,-0.2234153300523758,-0.20118163526058197,-0.0,-0.1297861784696579,-0.0024121329188346863,-0.05240994691848755,-0.10487660765647888,-0.22542156279087067,-0.10394223034381866,-0.1753256767988205,-0.15078644454479218,0.03915166109800339,0.004551634192466736,-0.2654574364423752,-0.2113412767648697
-0.16416485980153084,-0.26697272434830666,-0.13200520351529121,-0.17973694577813148,-0.38832101598381996,-0.08708453550934792,-0.22433582320809364,-0.3963165320456028,-0.170748982578516,-0.336378488689661,-0.27816081419587135,-0.12089424207806587,-0.7122004069387913,-0.17233822122216225,-0.14160654321312904,-0.0,-0.011670209467411041,-0.3385157622396946,-0.4844389595091343,-0.3711892105638981
-0.07890880852937698,-0.14115727692842484,-0.10602741595357656,-0.02964548021554947,-0.17483369261026382,-0.181580550968647,-0.04601031541824341,-0.13144735619425774,-0.01149226725101471,-0.09933337103575468,-0.08511469885706902,-0.0665951669216156,-0.2422359213232994,-0.04372645914554596,-0.05291007086634636,-0.05469172075390816,-0.0,-0.09413816849701107,-0.21592041850090027,-0.14837471768260002
-0.10328103601932526,-0.24212411046028137,0.01156684011220932,-0.0,-0.17434045672416687,-0.10415022075176239,-0.08860182762145996,-0.17108148336410522,-0.10751678049564362,-0.18033841252326965,-0.15939342975616455,-0.0326901376247406,-0.18337470293045044,-0.09673234820365906,-0.13604223728179932,-0.07489013671875,-0.0773681104183197,-0.12731710076332092,-0.24891316890716553,-0.17551690340042114
-0.3220842480659485,-0.35480719804763794,-0.5235334932804108,-0.4238608777523041,-0.1884857714176178,-0.5606706440448761,-0.26450178027153015,-0.0,-0.38556668162345886,-0.057876259088516235,-0.07736898958683014,-0.3948712646961212,-0.22198480367660522,-0.3124925494194031,-0.43104681372642517,-0.39516159892082214,-0.19024279713630676,-0.06874397397041321,-0.31573784351348877,-0.17568540573120117
-0.5261235032230616,-0.5678002033382654,-0.7306441459804773,-0.4777508769184351,-0.02635650523006916,-0.7213688883930445,-0.14552203752100468,-0.3839686010032892,-0.7077402267605066,-0.3129784855991602,-0.30677507258951664,-0.589752534404397,-1.1745251212269068,-0.5040037427097559,-0.6759520564228296,-0.5598131809383631,-0.48813999630510807,-0.35934037901461124,-0.28625590540468693,-0.0
-0.08937638998031616,-0.39062998071312904,-0.13680681958794594,-0.08362240716814995,-0.3750176467001438,-0.1677326150238514,-0.18608032539486885,-0.32262224331498146,-0.18129204586148262,-0.37286848202347755,-0.16016535833477974,-0.08747857436537743,-0.18469231203198433,-0.0,-0.16968006268143654,-0.11788132414221764,-0.18310432508587837,-0.2378971315920353,-0.34849459305405617,-0.3628103770315647
-0.0,-0.30684229731559753,-0.438970685005188,-0.21826384961605072,-0.37721630930900574,-0.16093167662620544,-0.4971355199813843,-0.21107007563114166,-0.31043532490730286,-0.38454100489616394,-0.16196902841329575,-0.5328853726387024,-0.4525981843471527,-0.22877761721611023,-0.3071760982275009,-0.10766170546412468,-0.20527499914169312,-0.11136046051979065,-0.580718606710434,-0.410057932138443
-0.13160591199994087,-0.48640405386686325,-0.24513842910528183,-0.407032273709774,-0.43442072719335556,-0.0,-0.25084196776151657,-0.6223321184515953,-0.442145399749279,-0.6769668683409691,-0.49143435806035995,-0.3450327441096306,-0.6749407276511192,-0.3870493099093437,-0.3929806873202324,-0.04855315014719963,-0.2992639020085335,-0.5399436578154564,-0.3410331532359123,-0.40404414385557175
-0.03273681923747063,-0.20080054178833961,0.02620413526892662,-0.000707714818418026,-0.12660853937268257,-0.03496492654085159,-0.01760699157603085,-0.0661923848092556,-0.05173567309975624,-0.05432410165667534,-0.10666273161768913,0.0813305489718914,0.0462702251970768,-0.021092137787491083,-0.07890625670552254,-0.0,-0.012523750541731715,-0.017548712203279138,-0.10053093358874321,-0.10810867324471474
-0.04310813546180725,-0.18004368245601654,-0.05677404999732971,-0.013484150171279907,-0.09695453941822052,-0.11526629328727722,-0.05171078443527222,-0.06890097260475159,0.0016913264989852905,-0.044027864933013916,-0.07136222720146179,-0.05415643751621246,-0.2291191667318344,-0.016516536474227905,-0.0289294570684433,-0.03152276575565338,-0.0,-0.03667005896568298,-0.1599852591753006,-0.09900523722171783
-0.06236427277326584,-0.1809065118432045,-0.044908829033374786,-0.05050439387559891,-0.1627942994236946,-0.1015385314822197,-0.0968298688530922,-0.14023002237081528,-0.06407558172941208,-0.1042432114481926,-0.11935322731733322,-0.08288941532373428,-0.0,-0.0719183012843132,-0.09315941482782364,-0.06879172474145889,-0.09085123986005783,-0.10983134061098099,-0.21768978983163834,-0.15755236893892288
-0.7989919278770685,-0.0,-0.8075929973274469,-0.8241890165954828,-0.8699200842529535,-0.7974318955093622,-0.8392517063766718,-0.8631806466728449,-0.8368538711220026,-0.8592328522354364,-0.8702704403549433,-0.8103017304092646,-0.826623210683465,-0.8288259003311396,-0.8302124831825495,-0.7792426440864801,-0.8392752502113581,-0.8310914728790522,-0.9195125792175531,-0.8658083770424128
-0.08378453552722931,-0.15584225952625275,-0.030210062861442566,-0.048627495765686035,-0.09369130432605743,-0.048625245690345764,-0.02275066077709198,-0.19931821525096893,-0.02326151728630066,-0.0841609537601471,-0.060262009501457214,-0.0,-0.2481551319360733,-0.049145445227622986,-0.040743887424468994,-0.0858721137046814,-0.13225369155406952,-0.16926966607570648,-0.143782839179039,-0.0931677520275116
-0.1175789050757885,-0.2646672837436199,-0.07103262469172478,-0.07847700640559196,-0.23235927149653435,-0.0,-0.12200431153178215,-0.32783831283450127,-0.11439373716711998,-0.25506503507494926,-0.18911093100905418,-0.04043273255228996,-0.3089372031390667,-0.1017705462872982,-0.16975706443190575,-0.126119714230299,-0.19120962545275688,-0.29978884384036064,-0.2999059669673443,-0.22077662870287895
0.0009139496833086014,-0.13699601963162422,-0.08731992170214653,-0.007285093888640404,-0.0814148373901844,-0.06890987232327461,-0.01656639575958252,-0.023147810250520706,0.07630866765975952,-0.018351994454860687,-0.020031511783599854,-0.011528829112648964,-0.2288859821856022,0.018570251879282296,0.02443681377917528,-0.0032218117266893387,0.0224353508092463,-0.0,-0.16811979189515114,-0.12872617319226265
-0.03968092426657677,-0.2125999666750431,-0.16898270323872566,-0.0,-0.33555595949292183,-0.14458145573735237,-0.24259280040860176,-0.15788868442177773,-0.011595752090215683,-0.19029692187905312,-0.1317085213959217,-0.12891020253300667,-0.02671976014971733,-0.01711820438504219,-0.024407435208559036,-0.048270177096128464,-0.003446195274591446,-0.15902962163090706,-0.3183213658630848,-0.35418109968304634
-0.13206113502383232,-0.2920013330876827,-0.20506253466010094,-0.20988547429442406,-0.3622252009809017,-0.0,-0.28234633430838585,-0.3580275736749172,-0.12509692832827568,-0.35599764809012413,-0.21308859810233116,-0.20802168175578117,-0.4050663374364376,-0.1235717199742794,-0.19566838070750237,-0.12430643662810326,-0.16773223504424095,-0.3471551798284054,-0.3062141500413418,-0.35867511853575706
-0.09745196998119354,-0.3532896935939789,-0.37593773007392883,-0.31483304500579834,-0.0,-0.23278719186782837,-0.08789543807506561,-0.12091119587421417,-0.13165025413036346,-0.12112927436828613,-0.15961483120918274,-0.23459428548812866,0.0074373409152030945,-0.19047120213508606,-0.10837596654891968,-0.18721526861190796,-0.22460976243019104,-0.11196111142635345,-0.10189582407474518,-0.10562704503536224
-0.4329885095357895,-0.6387259215116501,-0.28230127692222595,-0.43668125569820404,-0.5777442306280136,-0.3346099257469177,-0.43612612783908844,-0.759856566786766,-0.5486060231924057,-0.5280763059854507,-0.4854370802640915,-0.0,-0.6986566632986069,-0.36936964094638824,-0.572806790471077,-0.38093598186969757,-0.47265876829624176,-0.7176602333784103,-0.6282064765691757,-0.6103117913007736
-0.7253490649163723,-0.0,-0.9660837016999722,-0.7650535069406033,-1.0625323615968227,-0.8834063373506069,-0.7892210446298122,-1.037593837827444,-0.7282232008874416,-0.901095625013113,-0.8026622496545315,-0.7408620677888393,-1.0673029981553555,-0.7085226140916348,-0.7068340145051479,-0.7122367583215237,-0.782368715852499,-0.9655444584786892,-0.9651329480111599,-1.0382295809686184
-0.6409089863300323,-0.7448403537273407,-0.8784296810626984,-0.8505785763263702,-0.27749690413475037,-0.9743315875530243,-0.21326866745948792,-0.4990219175815582,-0.971205085515976,-0.4422728717327118,-0.41277655959129333,-0.6728635132312775,-0.5296265184879303,-0.5116601288318634,-0.8440674245357513,-1.2814556062221527,-1.2117118537425995,-0.5359579026699066,-0.25072965025901794,-0.0
-0.026244554668664932,-0.12611154839396477,-0.10356117784976959,-0.13830304890871048,-0.0,-0.15477114915847778,-0.007531117647886276,-0.1853741779923439,0.033917203545570374,-0.16296855360269547,-0.0612092767842114,0.024619534611701965,-0.09416615217924118,-0.024615734815597534,0.004326783120632172,-0.03976115211844444,-0.11169146746397018,-0.13690709322690964,-0.04614926688373089,0.047828562557697296
-0.3267408385872841,-0.5996784567832947,-0.6739818453788757,-0.4055537208914757,-1.1274725794792175,-0.4237136244773865,-0.8888949751853943,-0.9263991117477417,-0.977622389793396,-1.0737310647964478,-0.6802982985973358,-0.578206479549408,-0.0,-0.5061693340539932,-0.9552672505378723,-0.3490395359694958,-0.5010796338319778,-0.643118679523468,-1.2202983498573303,-1.2448861002922058
-0.778642013669014,-0.4718732386827469,-0.9240027219057083,-0.8318168073892593,-0.3267514556646347,-0.8867631703615189,-0.5901834517717361,-0.10790140926837921,-0.6424484401941299,-0.0,-0.2673165947198868,-0.6082416325807571,-1.054435983300209,-0.5990782529115677,-0.5553782731294632,-0.8249591141939163,-0.49200983345508575,-0.22144819796085358,-0.6521181017160416,-0.5393188148736954
0.1307571977376938,-0.09632201492786407,-0.3248360604047775,-0.17814742028713226,0.05096941441297531,-0.015481095761060715,-0.041268303990364075,-0.07275573164224625,-0.0026750490069389343,-0.032109878957271576,0.04778080526739359,-0.17079992592334747,-0.4447901099920273,-0.0,-0.033437058329582214,-0.0463029220700264,-0.061265841126441956,0.178135946393013,-0.15158678591251373,0.008914008736610413
0.026507683098316193,-0.1312851347029209,-0.3557974621653557,-0.13055692985653877,-0.20593369752168655,-0.17084480077028275,0.005068227648735046,-0.30532876402139664,0.040985412895679474,-0.2503145709633827,-0.14988629147410393,-0.042920928448438644,-0.014532871544361115,-0.04840358346700668,0.0742284432053566,-0.0,-0.017213359475135803,-0.16421128064393997,-0.22823666781187057,-0.12259668856859207
-0.6656160429120064,-0.6742448881268501,-0.7523233368992805,-0.7704741433262825,-0.36149465292692184,-0.8367422893643379,-0.4171421304345131,-0.5486464574933052,-0.7209385707974434,-0.5861531272530556,-0.4207945242524147,-0.6309002712368965,-0.7285106256604195,-0.6160972490906715,-0.6388956382870674,-0.7024793699383736,-0.6858289912343025,-0.5703100934624672,-0.4427855685353279,-0.0
-0.15894342213869095,-0.33180051296949387,-0.4959644004702568,-0.4903389737010002,-0.4544452652335167,-0.0,-0.3514346405863762,-0.3556320294737816,-0.33953457325696945,-0.3923586532473564,-0.3475780412554741,-0.023188307881355286,-0.5519131943583488,-0.3097042366862297,-0.32455485314130783,-0.14967231824994087,-0.3328629210591316,-0.2693480774760246,-0.3278351202607155,-0.42156168073415756
-1.0560919996351004,-1.1754234787076712,-1.093646502122283,-1.100212311372161,-0.0,-1.1265222784131765,-0.8123799916356802,-1.196529483422637,-1.2059849258512259,-0.6285626050084829,-0.6903929468244314,-0.9812290426343679,-1.1047214027494192,-1.167979335412383,-1.1420221086591482,-1.1112955566495657,-1.202513074502349,-1.4173593278974295,-0.4770121332257986,-0.3636357244104147
0.019350126385688782,-0.4203944504261017,-0.2958275079727173,-0.29988767206668854,0.1014934629201889,-0.2567297965288162,0.15892848372459412,-0.36581936478614807,-0.4783625900745392,-0.38101726770401,-0.17053767666220665,-0.16527828201651573,-0.8497176170349121,-0.0,-0.015163034200668335,-0.08407256938517094,-0.23642869293689728,-0.3346933424472809,0.03922139108181,0.11600351333618164
-0.2161666378378868,-0.3848630413413048,-0.31448980420827866,-0.3144357278943062,-0.2376992031931877,-0.30591002851724625,-0.2364789918065071,-0.24129510670900345,-0.1227194294333458,-0.22578734904527664,-0.2569543644785881,-0.18576033413410187,-0.0,-0.24085933715105057,-0.12838779762387276,-0.14124315604567528,-0.13290958479046822,-0.2390734627842903,-0.3536388501524925,-0.22016016393899918
-0.16187708638608456,-0.4169520940631628,-0.3680513110011816,-0.26023988984525204,-0.3012643661350012,-0.20763047598302364,-0.26018195413053036,-0.5724933054298162,-0.23712501488626003,-0.37454997561872005,-0.26293679140508175,-0.31597517989575863,-0.38266568444669247,-0.1528217252343893,-0.3172318246215582,-0.11708405427634716,-0.0,-0.46384005807340145,-0.2077546026557684,-0.32759844325482845
-0.05084875971078873,-0.22703415900468826,-0.5629034414887428,-0.220131553709507,0.17058611661195755,-0.3300853744149208,-0.024511195719242096,-0.09108927100896835,-0.7518898025155067,-0.2692045047879219,0.15089325606822968,-0.0,-0.4969334378838539,-0.06910257786512375,-0.4428499713540077,-0.07234296947717667,0.018193364143371582,0.02837337553501129,0.07103932648897171,0.10243803099729121
-0.6937648802995682,-0.8072772473096848,-0.9308345764875412,-1.1542264074087143,-1.4335124343633652,-0.0,-1.0853215903043747,-1.2286624759435654,-1.2282923310995102,-1.6589956134557724,-1.1890408247709274,-0.9839082211256027,-1.2293313592672348,-1.679441437125206,-1.209760770201683,-0.6797880083322525,-1.162323698401451,-1.1755815595388412,-1.5894672721624374,-1.2922654002904892
-0.03826197423040867,-0.12114828266203403,-0.03127103112637997,-0.004931299015879631,-0.07262720353901386,-0.1834713015705347,-0.0778155792504549,0.005333274602890015,0.04912404157221317,0.04791685380041599,-0.0044225063174963,-0.07784940488636494,-0.3263906631618738,-0.02632557414472103,-0.0032927654683589935,-0.3591093812137842,-0.6026823613792658,-0.0,-0.09901746548712254,-0.13566582836210728
-0.0691463015973568,-0.2904748506844044,-0.1227375902235508,-0.14304091408848763,-0.2255089171230793,-0.0,-0.1889348067343235,-0.39750053361058235,-0.1339825876057148,-0.1678994484245777,-0.11337124183773994,-0.06384720280766487,-0.1636100448668003,-0.16249972954392433,-0.1618531532585621,-0.08985942974686623,-0.20288844779133797,-0.37956227734684944,-0.24785681441426277,-0.25573306158185005
-0.5663875490427017,-0.5061034113168716,-0.6828744858503342,-0.7108359187841415,-0.06284375209361315,-0.9459042996168137,-0.2208670675754547,-0.8374461382627487,-0.6826057285070419,-0.6302563399076462,-0.5333054214715958,-0.4170105308294296,-0.9146858900785446,-0.5249624401330948,-0.6182319968938828,-0.5529753118753433,-0.8050045222043991,-0.6314281076192856,0.05719080567359924,-0.0
-0.44166067242622375,-0.5851738452911377,-0.7503736019134521,-0.5452370047569275,-0.8069435358047485,-0.6344915926456451,-0.36058108508586884,-0.6894545555114746,-0.5241115689277649,-0.4960325062274933,-0.3253723382949829,-0.2627432718873024,-1.1745110154151917,-0.0,-0.5512717366218567,-0.4798775315284729,-0.6263760924339294,-0.6576719582080841,-0.657759815454483,-0.7799687385559082
-0.33441266417503357,-0.6551708877086639,-1.1280465424060822,-1.3167422115802765,-1.4104074537754059,-0.8061423003673553,-1.498677283525467,-1.2146295607089996,-1.289751559495926,-1.7500831186771393,-1.0945440828800201,-1.3397281467914581,-0.0,-1.162722498178482,-1.1951810419559479,-0.45045018196105957,-0.9642839133739471,-0.949459582567215,-1.6587477028369904,-1.2635556757450104
-0.2996423915028572,-0.24790162593126297,-0.707627184689045,-0.5519450381398201,-0.02785395085811615,-0.8852917030453682,0.07269870117306709,-0.3589271381497383,-0.603555865585804,-0.3573063388466835,-0.2165875807404518,-0.20494703203439713,-1.3311011269688606,-0.27373499423265457,-0.4968458488583565,-0.30598781257867813,-0.24822459369897842,-0.21067989617586136,-0.17541230469942093,-0.0
-0.8868901059031487,-0.8415288254618645,-1.1595099493861198,-1.0689166113734245,-1.2889537140727043,-1.0537745282053947,-0.5234421417117119,-0.8595793172717094,-0.4711991772055626,-1.0483512207865715,-1.0048580095171928,-0.9808391258120537,-1.187735728919506,-0.7967941090464592,-0.0,-0.8623443767428398,-0.7069943472743034,-0.7428219243884087,-1.1475949808955193,-1.2692432925105095
-0.547956058755517,-0.21574571169912815,-0.9692338202148676,-1.0387623403221369,-0.7247499320656061,-1.6247300002723932,-1.0310170743614435,-0.17814978398382664,-1.3512510154396296,-0.41281322576105595,-0.34313897229731083,-1.1047191713005304,-1.2195834014564753,-1.2037364337593317,-1.2521957252174616,-0.8877083156257868,-0.3492684755474329,-0.0,-1.0671875569969416,-0.9023063275963068
-0.49052249640226364,-0.4129643067717552,-0.9825857505202293,-0.9041671976447105,-0.7350011095404625,-1.0431028231978416,-0.43803276866674423,-0.22293950617313385,-1.0715336427092552,-0.43211766332387924,-0.4545641168951988,-0.8456071838736534,-1.105219505727291,-0.8009758219122887,-0.9935764893889427,-0.8295294865965843,-0.48767777532339096,-0.0,-0.8227551206946373,-0.7764241918921471
-0.4112221375107765,-0.4415528252720833,-0.8689960315823555,-1.151571162045002,-1.43386460095644,-1.0112793520092964,-1.3189654424786568,-0.1886172965168953,-1.4654920175671577,-0.8531351163983345,-1.0204188898205757,-0.9973529055714607,-1.046143002808094,-0.8808668330311775,-1.2643855884671211,-0.6556183770298958,-0.4791635349392891,-0.0,-1.0557561591267586,-1.0722050741314888
-0.7502148002386093,-0.742823526263237,-1.1625563949346542,-0.8686061352491379,-0.21673721075057983,-1.391574963927269,-0.9512572735548019,-0.11837851535528898,-1.033324584364891,-0.0,-0.18349240720272064,-0.9978791326284409,-1.392830953001976,-0.9779792279005051,-0.9478673785924911,-0.9409526437520981,-0.6664498299360275,-0.2808215022087097,-0.5361927300691605,-0.6993868201971054
-0.1193856499157846,-0.0684665790759027,-0.2717679343186319,-0.28475805139169097,-0.17927367007359862,-0.09950213646516204,-0.06325045367702842,-0.07949641114100814,-0.1796656004153192,-0.18522739922627807,-0.15782478963956237,-0.08148416643962264,-0.7705803117714822,-0.1314557990990579,-0.18264344846829772,-0.0,0.035211118403822184,0.02829010644927621,-0.0511720790527761,-0.10659521585330367
-0.4953937232494354,-0.4246743321418762,-0.7061558663845062,-0.618613988161087,-0.0,-0.3103906959295273,-0.40261200070381165,-0.26204223930835724,-0.6194031238555908,-0.20582698285579681,-0.14655630849301815,-0.6078082323074341,-0.48425188660621643,-0.5265167653560638,-0.576555073261261,-0.5660906434059143,-0.45934829115867615,-0.3289901465177536,-0.24490682780742645,-0.20209428668022156
-0.18748078687349334,-0.3287889008061029,-0.04721522523323074,-0.0,-0.2905874197022058,-0.17588744504610077,-0.16681715293088928,-0.28554415149847046,-0.16165558440843597,-0.311230385734234,-0.22852958185831085,-0.03233027650276199,-0.13289206667104736,-0.09233549429336563,-0.18913241667905822,-0.11767600668827072,-0.09131790144601837,-0.22159911139169708,-0.05326117394724861,-0.20776995463529602
-0.05160379037261009,-0.08782809413969517,-0.029373232275247574,-0.07388698682188988,-0.04548372980207205,0.0683145746588707,-0.06385903107002378,-0.007518131285905838,-0.026405662298202515,-0.0,-0.0016191564500331879,0.018382154405117035,-0.10182200372219086,-0.002397485077381134,-0.040589332580566406,0.014695383608341217,0.03808378428220749,-0.0376628041267395,-0.091371214017272,-0.10014598444104195
0.0802550595253706,0.07258148305118084,0.06630188040435314,0.08112574927508831,-0.024253567797131836,0.12439829669892788,0.0033453479409217834,-0.07088779844343662,0.014937685802578926,-0.0,-0.011689359322190285,0.062032466754317284,-0.022819648336735554,0.0031857583671808243,-0.02826224034652114,0.06903867237269878,0.09699859283864498,-0.06181527115404606,-0.09430835582315922,-0.05628264509141445
-0.026531528681516647,-0.11108878627419472,0.1266697645187378,0.048983924090862274,-0.1541721597313881,0.11303876340389252,-0.0,-0.10787930339574814,0.024419166147708893,-0.0913779716938734,-0.6786074191331863,0.07485169172286987,-0.009100057184696198,0.017109833657741547,0.0007897913455963135,0.021754875779151917,0.014374658465385437,-0.11036044731736183,-0.1341278776526451,-0.10170013830065727
-0.0,-0.0808285758830607,-0.02440344402566552,0.03518431028351188,-0.11639174679294229,0.07545942207798362,-0.04036712879315019,-0.08956687757745385,0.13289150735363364,-0.06652467558160424,-0.04066563630476594,-0.03207360627129674,-0.028506814036518335,-0.024059672374278307,-0.05710983509197831,-0.004867790034040809,-0.030425262171775103,-0.06126943463459611,-0.11684404173865914,-0.07904636720195413
0.014361545443534851,-0.15180064737796783,-0.007667168974876404,-0.2340543121099472,-0.14886610209941864,0.011992499232292175,-0.000307425856590271,-0.19271020591259003,-0.06159205734729767,-0.19883523881435394,-0.15978007018566132,0.0263918936252594,-0.0,0.0023239701986312866,-0.027176186442375183,-0.016224786639213562,-0.028361186385154724,-0.09334810078144073,-0.20918379724025726,-0.1177913099527359
-0.0,-0.030558384954929352,0.0004272833466529846,-0.0258471742272377,-0.024852387607097626,-0.0028041377663612366,-0.02230379730463028,-0.033436261117458344,-0.024105466902256012,-0.02963068336248398,-0.021670229732990265,0.01043720543384552,0.029939420521259308,-0.059084661304950714,0.003414556384086609,0.0015808939933776855,-0.03012830764055252,-0.009041838347911835,-0.00855901837348938,-0.005271151661872864
-0.05329218506813049,,0.016254782676696777,,-0.07535791397094727,-0.0614209920167923,-0.1192941665649414,-0.07970929145812988,-0.09523439407348633,-0.4171997606754303,0.0036994069814682007,-0.027337223291397095,-0.12476664781570435,0.004249855875968933,-0.020584464073181152,-0.0052970945835113525,-0.0,-0.005704060196876526,,0.046603232622146606
-0.04114081338047981,,-0.06527210399508476,-0.14687321707606316,,-0.08229909464716911,,-0.038929980248212814,,-0.036997970193624496,0.02935761120170355,,-0.059748146682977676,,-0.029247861355543137,,-0.15349144861102104,-0.0,-0.21238530799746513,-0.1327967457473278
-0.09351088106632233,-0.0,-0.040209949016571045,0.0001759454607963562,-0.05831608176231384,-0.08724382519721985,-0.07502004504203796,-0.09368802607059479,0.020953740924596786,-0.05357368290424347,-0.03569226711988449,-0.032750584185123444,-0.023685596883296967,0.018528778105974197,-0.028311848640441895,-0.05377119779586792,-0.04930947721004486,-0.0707407295703888,-0.08190649747848511,-0.04361817240715027
-0.06599067524075508,-0.10672659426927567,-0.05109945312142372,-0.05596704687923193,-0.05893214198295027,-0.0,0.02844921499490738,-0.07813482359051704,-0.05512334709055722,-0.11045447736978531,-0.10535705089569092,-0.06102578644640744,-0.0222637876868248,-0.027360226958990097,-0.025817353278398514,-0.0409099068492651,-0.0702321408316493,-0.09020805358886719,-0.08869271539151669,-0.20437414944171906
0.08762896712869406,0.12041764613240957,-0.045319163240492344,0.03296081256121397,0.12750746961683035,-0.0071702380664646626,0.0750938793644309,0.23868452664464712,0.10488592740148306,0.14084175880998373,0.14116886910051107,0.04358420055359602,-0.0,0.04277473594993353,0.0656576519832015,0.05901075806468725,0.06428056862205267,0.09764067735522985,0.0957857808098197,0.09710279013961554
-0.008202070370316505,-0.07029020600020885,-0.014458863064646721,-0.03185646794736385,-0.044447025284171104,0.03889297414571047,0.01766072493046522,-0.02530207671225071,-0.0,-0.023971552029252052,-0.006935941055417061,0.05858084373176098,-0.017636476084589958,-0.01351652480661869,0.01576873380690813,-0.0004740525037050247,-0.007529480382800102,-0.028352847322821617,-0.03215023688971996,-0.008221788331866264
0.006952635943889618,-0.007474131882190704,-0.03522014617919922,-0.03948942571878433,0.014031119644641876,0.026233680546283722,0.04603856801986694,0.0010610967874526978,-0.0,-0.029085353016853333,-0.00917305052280426,-0.025500968098640442,-0.007634900510311127,-0.04153987765312195,0.023955054581165314,0.025916997343301773,-0.02040974050760269,-0.0007667466998100281,0.02597099542617798,0.025720253586769104
-0.0029939115047454834,-0.026917168870568275,-0.024746966548264027,-0.004886064678430557,0.0022040419280529022,0.0112663134932518,0.015527047216892242,0.023345191031694412,-0.012595927342772484,0.0019261352717876434,0.02336755022406578,-0.03144310065545142,-0.015975482761859894,-0.020294416695833206,0.010168839246034622,-0.0,-0.006706936284899712,0.019785013049840927,-0.014675961807370186,0.013448856770992279
0.011601254343986511,0.004882313311100006,-0.018571525812149048,-0.006590001285076141,0.011394158005714417,-0.012405343353748322,-0.02891535684466362,-0.005879208445549011,0.001767583191394806,0.014029912650585175,0.0019498392939567566,8.800625801086426e-05,-0.003969706594944,0.011880196630954742,0.0024726688861846924,0.0034982189536094666,-0.0,-0.00029968470335006714,0.00036066770553588867,0.013729289174079895
