,A,C,G,U
0,0.18999692145973293,0.24595671147346346,-0.21543635055184515,-0.22279311343789251
1,0.48625790840418337,-0.031005071937727974,-0.20798811548917298,-0.24648925894467835
2,-0.3257539959259628,-0.3158527703590988,1.0708881525687577,-0.4375222416229843
3,0.0,0.0,0.0,0.0
4,0.0,-0.9111389482612606,0.0,0.9412554537658695
5,0.943105974455308,-0.4958134505553732,0.1320373874501696,-0.5359494898124227
6,0.49934939478843077,-0.032492479334188834,-0.2941872086623444,-0.18975388074906005
7,-0.23027135311371716,-0.33003650485283764,0.7489477557062444,-0.2617608147741023
8,-0.15922377575759183,-0.08353693355445158,-0.09765380193118345,0.31999838780041445
